-- phpMyAdmin SQL Dump
-- version 4.9.0.1
-- https://www.phpmyadmin.net/
--
-- Host: 127.0.0.1
-- Generation Time: May 26, 2021 at 04:27 PM
-- Server version: 10.4.6-MariaDB
-- PHP Version: 7.3.8

SET SQL_MODE = "NO_AUTO_VALUE_ON_ZERO";
SET AUTOCOMMIT = 0;
START TRANSACTION;
SET time_zone = "+00:00";


/*!40101 SET @OLD_CHARACTER_SET_CLIENT=@@CHARACTER_SET_CLIENT */;
/*!40101 SET @OLD_CHARACTER_SET_RESULTS=@@CHARACTER_SET_RESULTS */;
/*!40101 SET @OLD_COLLATION_CONNECTION=@@COLLATION_CONNECTION */;
/*!40101 SET NAMES utf8mb4 */;

--
-- Database: `error_school`
--

-- --------------------------------------------------------

--
-- Table structure for table `academic_syllabus`
--

CREATE TABLE `academic_syllabus` (
  `academic_syllabus_id` int(11) NOT NULL,
  `academic_syllabus_code` longtext COLLATE utf8_unicode_ci DEFAULT NULL,
  `title` longtext COLLATE utf8_unicode_ci DEFAULT NULL,
  `description` longtext COLLATE utf8_unicode_ci DEFAULT NULL,
  `class_id` int(11) DEFAULT NULL,
  `uploader_type` longtext COLLATE utf8_unicode_ci DEFAULT NULL,
  `uploader_id` int(11) DEFAULT NULL,
  `year` longtext COLLATE utf8_unicode_ci DEFAULT NULL,
  `timestamp` longtext COLLATE utf8_unicode_ci DEFAULT NULL,
  `file_name` longtext COLLATE utf8_unicode_ci DEFAULT NULL,
  `subject_id` int(11) DEFAULT NULL
) ENGINE=InnoDB DEFAULT CHARSET=utf8 COLLATE=utf8_unicode_ci;

--
-- Dumping data for table `academic_syllabus`
--

INSERT INTO `academic_syllabus` (`academic_syllabus_id`, `academic_syllabus_code`, `title`, `description`, `class_id`, `uploader_type`, `uploader_id`, `year`, `timestamp`, `file_name`, `subject_id`) VALUES
(1, '684ff70', 'unit test 1 syallbus', 'find the syllabus', 1, 'admin', 1, '2020-2021', '1620540934', 'BVRITH_Instructions for Students for Writing MID Exams.pdf', 2);

-- --------------------------------------------------------

--
-- Table structure for table `accountant`
--

CREATE TABLE `accountant` (
  `accountant_id` int(11) NOT NULL,
  `name` longtext COLLATE utf8_unicode_ci DEFAULT NULL,
  `email` longtext COLLATE utf8_unicode_ci DEFAULT NULL,
  `password` longtext COLLATE utf8_unicode_ci DEFAULT NULL
) ENGINE=InnoDB DEFAULT CHARSET=utf8 COLLATE=utf8_unicode_ci;

--
-- Dumping data for table `accountant`
--

INSERT INTO `accountant` (`accountant_id`, `name`, `email`, `password`) VALUES
(1, 'jeevan ', 'jeevan@gmail.com', '3c1452513861b0c25b72c04aae37b6b5fdff3b3e');

-- --------------------------------------------------------

--
-- Table structure for table `admin`
--

CREATE TABLE `admin` (
  `admin_id` int(11) NOT NULL,
  `name` longtext COLLATE utf8_unicode_ci DEFAULT NULL,
  `email` longtext COLLATE utf8_unicode_ci DEFAULT NULL,
  `password` longtext COLLATE utf8_unicode_ci DEFAULT NULL,
  `level` longtext COLLATE utf8_unicode_ci DEFAULT NULL,
  `authentication_key` longtext COLLATE utf8_unicode_ci DEFAULT NULL,
  `phone` longtext COLLATE utf8_unicode_ci DEFAULT NULL,
  `address` longtext COLLATE utf8_unicode_ci DEFAULT NULL
) ENGINE=InnoDB DEFAULT CHARSET=utf8 COLLATE=utf8_unicode_ci;

--
-- Dumping data for table `admin`
--

INSERT INTO `admin` (`admin_id`, `name`, `email`, `password`, `level`, `authentication_key`, `phone`, `address`) VALUES
(1, NULL, 'admin@gmail.com', '7c4a8d09ca3762af61e59520943dc26494f8941b', NULL, NULL, NULL, NULL);

-- --------------------------------------------------------

--
-- Table structure for table `attendance`
--

CREATE TABLE `attendance` (
  `attendance_id` int(11) NOT NULL,
  `timestamp` longtext COLLATE utf8_unicode_ci DEFAULT NULL,
  `year` longtext COLLATE utf8_unicode_ci DEFAULT NULL,
  `class_id` int(11) DEFAULT NULL,
  `section_id` int(11) DEFAULT NULL,
  `student_id` int(11) DEFAULT NULL,
  `class_routine_id` int(11) DEFAULT NULL,
  `status` int(11) DEFAULT NULL
) ENGINE=InnoDB DEFAULT CHARSET=utf8 COLLATE=utf8_unicode_ci;

--
-- Dumping data for table `attendance`
--

INSERT INTO `attendance` (`attendance_id`, `timestamp`, `year`, `class_id`, `section_id`, `student_id`, `class_routine_id`, `status`) VALUES
(1, '1619546400', '2020-2021', 1, 1, 1, NULL, 1),
(2, '1619546400', '2020-2021', 1, 1, 2, NULL, 1),
(3, '1620496800', '2020-2021', 1, 1, 1, NULL, 1),
(4, '1620496800', '2020-2021', 1, 1, 2, NULL, 1),
(5, '1620410400', '2020-2021', 1, 1, 1, NULL, 1),
(6, '1620410400', '2020-2021', 1, 1, 2, NULL, 1),
(7, '1620410400', '2020-2021', 1, 1, 3, NULL, 1),
(8, '1620583200', '2020-2021', 1, 1, 1, NULL, NULL),
(9, '1620583200', '2020-2021', 1, 1, 2, NULL, NULL),
(10, '1620583200', '2020-2021', 1, 1, 3, NULL, NULL),
(12, '1621879200', '2020-2021', 3, 6, 8, NULL, NULL),
(13, '1621879200', '2020-2021', 3, 6, 9, NULL, NULL),
(14, '1621879200', '2020-2021', 3, 6, 10, NULL, NULL),
(15, '1621879200', '2020-2021', 3, 6, 11, NULL, NULL),
(16, '1621879200', '2020-2021', 3, 6, 12, NULL, NULL),
(17, '1621879200', '2020-2021', 3, 6, 13, NULL, NULL),
(18, '1621879200', '2020-2021', 3, 6, 14, NULL, NULL),
(19, '1621879200', '2020-2021', 3, 6, 15, NULL, NULL),
(20, '1621879200', '2020-2021', 3, 6, 16, NULL, NULL),
(21, '1621879200', '2020-2021', 3, 6, 17, NULL, NULL),
(23, '1621879200', '2020-2021', 4, 5, 19, NULL, NULL),
(24, '1621879200', '2020-2021', 4, 5, 20, NULL, NULL),
(25, '1621879200', '2020-2021', 4, 5, 21, NULL, NULL),
(26, '1621879200', '2020-2021', 4, 5, 22, NULL, NULL),
(27, '1621879200', '2020-2021', 4, 5, 23, NULL, NULL),
(28, '1621879200', '2020-2021', 4, 5, 24, NULL, NULL),
(29, '1621879200', '2020-2021', 4, 5, 25, NULL, NULL),
(30, '1621879200', '2020-2021', 4, 5, 26, NULL, NULL),
(31, '1621879200', '2020-2021', 4, 5, 27, NULL, NULL);

-- --------------------------------------------------------

--
-- Table structure for table `book`
--

CREATE TABLE `book` (
  `book_id` int(11) NOT NULL,
  `name` longtext COLLATE utf8_unicode_ci DEFAULT NULL,
  `description` longtext COLLATE utf8_unicode_ci DEFAULT NULL,
  `author` longtext COLLATE utf8_unicode_ci DEFAULT NULL,
  `class_id` longtext COLLATE utf8_unicode_ci DEFAULT NULL,
  `price` longtext COLLATE utf8_unicode_ci DEFAULT NULL,
  `total_copies` int(11) DEFAULT NULL,
  `issued_copies` int(11) DEFAULT NULL,
  `status` longtext COLLATE utf8_unicode_ci DEFAULT NULL,
  `file_name` longtext COLLATE utf8_unicode_ci DEFAULT NULL
) ENGINE=InnoDB DEFAULT CHARSET=utf8 COLLATE=utf8_unicode_ci;

-- --------------------------------------------------------

--
-- Table structure for table `book_request`
--

CREATE TABLE `book_request` (
  `book_request_id` int(11) NOT NULL,
  `book_id` int(11) DEFAULT NULL,
  `student_id` int(11) DEFAULT NULL,
  `issue_start_date` longtext COLLATE utf8_unicode_ci DEFAULT NULL,
  `issue_end_date` longtext COLLATE utf8_unicode_ci DEFAULT NULL,
  `status` int(11) DEFAULT NULL
) ENGINE=InnoDB DEFAULT CHARSET=utf8 COLLATE=utf8_unicode_ci;

-- --------------------------------------------------------

--
-- Table structure for table `ci_sessions`
--

CREATE TABLE `ci_sessions` (
  `id` varchar(40) COLLATE utf8_unicode_ci NOT NULL,
  `ip_address` varchar(45) COLLATE utf8_unicode_ci NOT NULL,
  `timestamp` int(10) UNSIGNED NOT NULL DEFAULT 0,
  `data` blob NOT NULL
) ENGINE=InnoDB DEFAULT CHARSET=utf8 COLLATE=utf8_unicode_ci;

--
-- Dumping data for table `ci_sessions`
--

INSERT INTO `ci_sessions` (`id`, `ip_address`, `timestamp`, `data`) VALUES
('09qm5vg2n8b7na2kcd5lu7o47bl6tq9o', '::1', 1622006982, 0x5f5f63695f6c6173745f726567656e65726174657c693a313632323030363938323b61646d696e5f6c6f67696e7c733a313a2231223b61646d696e5f69647c733a313a2231223b6c6f67696e5f757365725f69647c733a313a2231223b6e616d657c4e3b6c6f67696e5f747970657c733a353a2261646d696e223b),
('12i5f4c6q6vdiaosef7actqg9j6tk265', '::1', 1622006671, 0x5f5f63695f6c6173745f726567656e65726174657c693a313632323030363637313b61646d696e5f6c6f67696e7c733a313a2231223b61646d696e5f69647c733a313a2231223b6c6f67696e5f757365725f69647c733a313a2231223b6e616d657c4e3b6c6f67696e5f747970657c733a353a2261646d696e223b),
('13d4g974bcd71kjp6rkdckd9fb088mpf', '::1', 1621955183, 0x5f5f63695f6c6173745f726567656e65726174657c693a313632313935353138333b61646d696e5f6c6f67696e7c733a313a2231223b61646d696e5f69647c733a313a2231223b6c6f67696e5f757365725f69647c733a313a2231223b6e616d657c4e3b6c6f67696e5f747970657c733a353a2261646d696e223b),
('2edvaqso2kkfpjo0ev2g23m469o7veei', '::1', 1622036052, 0x5f5f63695f6c6173745f726567656e65726174657c693a313632323033363035323b61646d696e5f6c6f67696e7c733a313a2231223b61646d696e5f69647c733a313a2231223b6c6f67696e5f757365725f69647c733a313a2231223b6e616d657c4e3b6c6f67696e5f747970657c733a353a2261646d696e223b),
('2pgaoas5f57bi06bbosdupfo8oktnsb8', '::1', 1621954860, 0x5f5f63695f6c6173745f726567656e65726174657c693a313632313935343836303b61646d696e5f6c6f67696e7c733a313a2231223b61646d696e5f69647c733a313a2231223b6c6f67696e5f757365725f69647c733a313a2231223b6e616d657c4e3b6c6f67696e5f747970657c733a353a2261646d696e223b),
('3647pgqnaq8aq6gvvll71s7tre9tdnan', '::1', 1622016403, 0x5f5f63695f6c6173745f726567656e65726174657c693a313632323031363430333b61646d696e5f6c6f67696e7c733a313a2231223b61646d696e5f69647c733a313a2231223b6c6f67696e5f757365725f69647c733a313a2231223b6e616d657c4e3b6c6f67696e5f747970657c733a353a2261646d696e223b666c6173685f6d6573736167657c733a31353a2253747564656e742044656c65746564223b5f5f63695f766172737c613a313a7b733a31333a22666c6173685f6d657373616765223b733a333a226f6c64223b7d),
('3o9ch95u5a2rr4psgq805run484kv89e', '::1', 1622005985, 0x5f5f63695f6c6173745f726567656e65726174657c693a313632323030353938353b61646d696e5f6c6f67696e7c733a313a2231223b61646d696e5f69647c733a313a2231223b6c6f67696e5f757365725f69647c733a313a2231223b6e616d657c4e3b6c6f67696e5f747970657c733a353a2261646d696e223b),
('43qa81lpmcjnvakvt2g0s8o7qq27il17', '::1', 1622034910, 0x5f5f63695f6c6173745f726567656e65726174657c693a313632323033343931303b61646d696e5f6c6f67696e7c733a313a2231223b61646d696e5f69647c733a313a2231223b6c6f67696e5f757365725f69647c733a313a2231223b6e616d657c4e3b6c6f67696e5f747970657c733a353a2261646d696e223b),
('473mhnl9d560hnbae7psibjqfvsjnu4j', '::1', 1622034603, 0x5f5f63695f6c6173745f726567656e65726174657c693a313632323033343630333b61646d696e5f6c6f67696e7c733a313a2231223b61646d696e5f69647c733a313a2231223b6c6f67696e5f757365725f69647c733a313a2231223b6e616d657c4e3b6c6f67696e5f747970657c733a353a2261646d696e223b),
('49tpurio3uhtdk0a14u7cnmhvcig6571', '::1', 1621959989, 0x5f5f63695f6c6173745f726567656e65726174657c693a313632313935393938393b746561636865725f6c6f67696e7c733a313a2231223b746561636865725f69647c733a313a2234223b6c6f67696e5f757365725f69647c733a313a2234223b6e616d657c733a373a2253756a61746861223b6c6f67696e5f747970657c733a373a2274656163686572223b),
('57chcgjg6lrrjt0rl38reslq922rm91e', '::1', 1622014753, 0x5f5f63695f6c6173745f726567656e65726174657c693a313632323031343735333b61646d696e5f6c6f67696e7c733a313a2231223b61646d696e5f69647c733a313a2231223b6c6f67696e5f757365725f69647c733a313a2231223b6e616d657c4e3b6c6f67696e5f747970657c733a353a2261646d696e223b),
('5avpcbr7brdf889orll8ti8ioclo1inf', '::1', 1621952394, 0x5f5f63695f6c6173745f726567656e65726174657c693a313632313935323339343b706172656e745f6c6f67696e7c733a313a2231223b706172656e745f69647c733a313a2231223b6c6f67696e5f757365725f69647c733a313a2231223b6e616d657c733a373a224d6f68616e2056223b6c6f67696e5f747970657c733a363a22706172656e74223b),
('68qmahrh80tg1b19vd0qitecgj69rjh4', '::1', 1621956785, 0x5f5f63695f6c6173745f726567656e65726174657c693a313632313935363738353b61646d696e5f6c6f67696e7c733a313a2231223b61646d696e5f69647c733a313a2231223b6c6f67696e5f757365725f69647c733a313a2231223b6e616d657c4e3b6c6f67696e5f747970657c733a353a2261646d696e223b),
('6d1ii29b1q2b3kt3do3onb21a6seieop', '::1', 1621953445, 0x5f5f63695f6c6173745f726567656e65726174657c693a313632313935333434353b61646d696e5f6c6f67696e7c733a313a2231223b61646d696e5f69647c733a313a2231223b6c6f67696e5f757365725f69647c733a313a2231223b6e616d657c4e3b6c6f67696e5f747970657c733a353a2261646d696e223b),
('6rl7q305q9llnjjjcu96sul7ipadecid', '::1', 1621954381, 0x5f5f63695f6c6173745f726567656e65726174657c693a313632313935343338313b61646d696e5f6c6f67696e7c733a313a2231223b61646d696e5f69647c733a313a2231223b6c6f67696e5f757365725f69647c733a313a2231223b6e616d657c4e3b6c6f67696e5f747970657c733a353a2261646d696e223b),
('71ntfl2qugdbc0pbbumpmmr1ijn86cej', '::1', 1622013890, 0x5f5f63695f6c6173745f726567656e65726174657c693a313632323031333839303b61646d696e5f6c6f67696e7c733a313a2231223b61646d696e5f69647c733a313a2231223b6c6f67696e5f757365725f69647c733a313a2231223b6e616d657c4e3b6c6f67696e5f747970657c733a353a2261646d696e223b),
('732snndv1ufj21hiqlvfl954mpuk17cs', '::1', 1621957437, 0x5f5f63695f6c6173745f726567656e65726174657c693a313632313935373433373b61646d696e5f6c6f67696e7c733a313a2231223b61646d696e5f69647c733a313a2231223b6c6f67696e5f757365725f69647c733a313a2231223b6e616d657c4e3b6c6f67696e5f747970657c733a353a2261646d696e223b),
('79mgl3r97a7l3p47u77l51cch08lntn5', '::1', 1622008524, 0x5f5f63695f6c6173745f726567656e65726174657c693a313632323030383532343b61646d696e5f6c6f67696e7c733a313a2231223b61646d696e5f69647c733a313a2231223b6c6f67696e5f757365725f69647c733a313a2231223b6e616d657c4e3b6c6f67696e5f747970657c733a353a2261646d696e223b),
('8brf9k9ffueh37ksa06vddj81at0f1jd', '::1', 1622036708, 0x5f5f63695f6c6173745f726567656e65726174657c693a313632323033363730383b61646d696e5f6c6f67696e7c733a313a2231223b61646d696e5f69647c733a313a2231223b6c6f67696e5f757365725f69647c733a313a2231223b6e616d657c4e3b6c6f67696e5f747970657c733a353a2261646d696e223b),
('8oiolpeffjae5k4trtu4o61ba2uie1lv', '::1', 1622035727, 0x5f5f63695f6c6173745f726567656e65726174657c693a313632323033353732373b61646d696e5f6c6f67696e7c733a313a2231223b61646d696e5f69647c733a313a2231223b6c6f67696e5f757365725f69647c733a313a2231223b6e616d657c4e3b6c6f67696e5f747970657c733a353a2261646d696e223b),
('91169fua91e6vvrj9njit6kfv6qgmrp9', '::1', 1622009360, 0x5f5f63695f6c6173745f726567656e65726174657c693a313632323030393336303b61646d696e5f6c6f67696e7c733a313a2231223b61646d696e5f69647c733a313a2231223b6c6f67696e5f757365725f69647c733a313a2231223b6e616d657c4e3b6c6f67696e5f747970657c733a353a2261646d696e223b),
('9ms0vbbon2bn14ckedc036ck547gca8h', '::1', 1622037044, 0x5f5f63695f6c6173745f726567656e65726174657c693a313632323033373034343b61646d696e5f6c6f67696e7c733a313a2231223b61646d696e5f69647c733a313a2231223b6c6f67696e5f757365725f69647c733a313a2231223b6e616d657c4e3b6c6f67696e5f747970657c733a353a2261646d696e223b666c6173685f6d6573736167657c733a32333a2244617461204164646564205375636365737366756c6c79223b5f5f63695f766172737c613a313a7b733a31333a22666c6173685f6d657373616765223b733a333a226f6c64223b7d),
('9t21em1k3isq12g7a4naac55u8jerpsv', '::1', 1622036374, 0x5f5f63695f6c6173745f726567656e65726174657c693a313632323033363337343b61646d696e5f6c6f67696e7c733a313a2231223b61646d696e5f69647c733a313a2231223b6c6f67696e5f757365725f69647c733a313a2231223b6e616d657c4e3b6c6f67696e5f747970657c733a353a2261646d696e223b),
('aeh4gbrt9q0uc6cttbncss4l4ej3smd4', '::1', 1621960315, 0x5f5f63695f6c6173745f726567656e65726174657c693a313632313936303331353b746561636865725f6c6f67696e7c733a313a2231223b746561636865725f69647c733a313a2234223b6c6f67696e5f757365725f69647c733a313a2234223b6e616d657c733a373a2253756a61746861223b6c6f67696e5f747970657c733a373a2274656163686572223b),
('ai5qa1ikstokkpd8u6fbcnbs0a43hccr', '::1', 1622011713, 0x5f5f63695f6c6173745f726567656e65726174657c693a313632323031313731333b61646d696e5f6c6f67696e7c733a313a2231223b61646d696e5f69647c733a313a2231223b6c6f67696e5f757365725f69647c733a313a2231223b6e616d657c4e3b6c6f67696e5f747970657c733a353a2261646d696e223b666c6173685f6d6573736167657c733a32333a2244617461204164646564205375636365737366756c6c79223b5f5f63695f766172737c613a313a7b733a31333a22666c6173685f6d657373616765223b733a333a226f6c64223b7d),
('amfkamjsesnlcr7npk1167dpek926nbc', '::1', 1622038843, 0x5f5f63695f6c6173745f726567656e65726174657c693a313632323033383834333b61646d696e5f6c6f67696e7c733a313a2231223b61646d696e5f69647c733a313a2231223b6c6f67696e5f757365725f69647c733a313a2231223b6e616d657c4e3b6c6f67696e5f747970657c733a353a2261646d696e223b),
('aspvf4cil4akno4gijgmk9go7gp73h5q', '::1', 1622012462, 0x5f5f63695f6c6173745f726567656e65726174657c693a313632323031323436323b61646d696e5f6c6f67696e7c733a313a2231223b61646d696e5f69647c733a313a2231223b6c6f67696e5f757365725f69647c733a313a2231223b6e616d657c4e3b6c6f67696e5f747970657c733a353a2261646d696e223b),
('br57iv0imlniqaukdd6ga5jc905queia', '::1', 1621952846, 0x5f5f63695f6c6173745f726567656e65726174657c693a313632313935323834363b61646d696e5f6c6f67696e7c733a313a2231223b61646d696e5f69647c733a313a2231223b6c6f67696e5f757365725f69647c733a313a2231223b6e616d657c4e3b6c6f67696e5f747970657c733a353a2261646d696e223b),
('c9oo21gvh0o0rc14h89v1gj1v06qo3op', '::1', 1621958759, 0x5f5f63695f6c6173745f726567656e65726174657c693a313632313935383735393b61646d696e5f6c6f67696e7c733a313a2231223b61646d696e5f69647c733a313a2231223b6c6f67696e5f757365725f69647c733a313a2231223b6e616d657c4e3b6c6f67696e5f747970657c733a353a2261646d696e223b),
('d7ss55cudimrj3759s984egrc46rrgdc', '::1', 1622005551, 0x5f5f63695f6c6173745f726567656e65726174657c693a313632323030353535313b61646d696e5f6c6f67696e7c733a313a2231223b61646d696e5f69647c733a313a2231223b6c6f67696e5f757365725f69647c733a313a2231223b6e616d657c4e3b6c6f67696e5f747970657c733a353a2261646d696e223b),
('dp68hpo55she8frglts50g534ajvne0h', '::1', 1621956480, 0x5f5f63695f6c6173745f726567656e65726174657c693a313632313935363438303b61646d696e5f6c6f67696e7c733a313a2231223b61646d696e5f69647c733a313a2231223b6c6f67696e5f757365725f69647c733a313a2231223b6e616d657c4e3b6c6f67696e5f747970657c733a353a2261646d696e223b666c6173685f6d6573736167657c733a32333a2244617461204164646564205375636365737366756c6c79223b5f5f63695f766172737c613a313a7b733a31333a22666c6173685f6d657373616765223b733a333a226f6c64223b7d),
('ed3a272pdnmnlptsa61jdk786p29c3ae', '::1', 1622037814, 0x5f5f63695f6c6173745f726567656e65726174657c693a313632323033373831343b61646d696e5f6c6f67696e7c733a313a2231223b61646d696e5f69647c733a313a2231223b6c6f67696e5f757365725f69647c733a313a2231223b6e616d657c4e3b6c6f67696e5f747970657c733a353a2261646d696e223b),
('eflriskcqqsm5ali0od11k82svmpr2ra', '::1', 1621962586, 0x5f5f63695f6c6173745f726567656e65726174657c693a313632313936323538363b61646d696e5f6c6f67696e7c733a313a2231223b61646d696e5f69647c733a313a2231223b6c6f67696e5f757365725f69647c733a313a2231223b6e616d657c4e3b6c6f67696e5f747970657c733a353a2261646d696e223b),
('em9fn9l796lbrh2aljf0vmgbkhnj9cs3', '::1', 1621956169, 0x5f5f63695f6c6173745f726567656e65726174657c693a313632313935363136393b61646d696e5f6c6f67696e7c733a313a2231223b61646d696e5f69647c733a313a2231223b6c6f67696e5f757365725f69647c733a313a2231223b6e616d657c4e3b6c6f67696e5f747970657c733a353a2261646d696e223b),
('eqrlufu8krqvs17cdqd7se3mdulk5gk2', '::1', 1621958129, 0x5f5f63695f6c6173745f726567656e65726174657c693a313632313935383132393b61646d696e5f6c6f67696e7c733a313a2231223b61646d696e5f69647c733a313a2231223b6c6f67696e5f757365725f69647c733a313a2231223b6e616d657c4e3b6c6f67696e5f747970657c733a353a2261646d696e223b),
('evkaup2q4h9jksejhe7m9qddqpm7gmi7', '::1', 1622039136, 0x5f5f63695f6c6173745f726567656e65726174657c693a313632323033383834333b61646d696e5f6c6f67696e7c733a313a2231223b61646d696e5f69647c733a313a2231223b6c6f67696e5f757365725f69647c733a313a2231223b6e616d657c4e3b6c6f67696e5f747970657c733a353a2261646d696e223b),
('fgh76604eol1tapqjas2bvl1h55d21it', '::1', 1622010062, 0x5f5f63695f6c6173745f726567656e65726174657c693a313632323031303036323b61646d696e5f6c6f67696e7c733a313a2231223b61646d696e5f69647c733a313a2231223b6c6f67696e5f757365725f69647c733a313a2231223b6e616d657c4e3b6c6f67696e5f747970657c733a353a2261646d696e223b666c6173685f6d6573736167657c733a32333a2244617461204164646564205375636365737366756c6c79223b5f5f63695f766172737c613a313a7b733a31333a22666c6173685f6d657373616765223b733a333a226f6c64223b7d),
('fip6t1brasa0h1arjjttkguaqnsv9n3q', '::1', 1622011344, 0x5f5f63695f6c6173745f726567656e65726174657c693a313632323031313334343b61646d696e5f6c6f67696e7c733a313a2231223b61646d696e5f69647c733a313a2231223b6c6f67696e5f757365725f69647c733a313a2231223b6e616d657c4e3b6c6f67696e5f747970657c733a353a2261646d696e223b),
('fslbd45s0d9oajgmik7nr9jm8t148hf3', '::1', 1621954076, 0x5f5f63695f6c6173745f726567656e65726174657c693a313632313935343037363b61646d696e5f6c6f67696e7c733a313a2231223b61646d696e5f69647c733a313a2231223b6c6f67696e5f757365725f69647c733a313a2231223b6e616d657c4e3b6c6f67696e5f747970657c733a353a2261646d696e223b),
('fvh5842rmsaff79rmnt1dh25tud2k290', '::1', 1621958430, 0x5f5f63695f6c6173745f726567656e65726174657c693a313632313935383433303b61646d696e5f6c6f67696e7c733a313a2231223b61646d696e5f69647c733a313a2231223b6c6f67696e5f757365725f69647c733a313a2231223b6e616d657c4e3b6c6f67696e5f747970657c733a353a2261646d696e223b666c6173685f6d6573736167657c733a32333a2244617461204164646564205375636365737366756c6c79223b5f5f63695f766172737c613a313a7b733a31333a22666c6173685f6d657373616765223b733a333a226f6c64223b7d),
('fvj33652ea7rfq4il75suadq5l8bmnuu', '::1', 1622007478, 0x5f5f63695f6c6173745f726567656e65726174657c693a313632323030373437383b61646d696e5f6c6f67696e7c733a313a2231223b61646d696e5f69647c733a313a2231223b6c6f67696e5f757365725f69647c733a313a2231223b6e616d657c4e3b6c6f67696e5f747970657c733a353a2261646d696e223b),
('gthglrp4i6i32lbf92ag8rrk19jm25tq', '::1', 1621957821, 0x5f5f63695f6c6173745f726567656e65726174657c693a313632313935373832313b61646d696e5f6c6f67696e7c733a313a2231223b61646d696e5f69647c733a313a2231223b6c6f67696e5f757365725f69647c733a313a2231223b6e616d657c4e3b6c6f67696e5f747970657c733a353a2261646d696e223b),
('guuio954d79qcdh838r7k9ijm1ni7rt9', '::1', 1622006350, 0x5f5f63695f6c6173745f726567656e65726174657c693a313632323030363335303b61646d696e5f6c6f67696e7c733a313a2231223b61646d696e5f69647c733a313a2231223b6c6f67696e5f757365725f69647c733a313a2231223b6e616d657c4e3b6c6f67696e5f747970657c733a353a2261646d696e223b),
('hv8vpi7mp9857ol26e4hjlhvvi7nv1u6', '::1', 1622012025, 0x5f5f63695f6c6173745f726567656e65726174657c693a313632323031323032353b61646d696e5f6c6f67696e7c733a313a2231223b61646d696e5f69647c733a313a2231223b6c6f67696e5f757365725f69647c733a313a2231223b6e616d657c4e3b6c6f67696e5f747970657c733a353a2261646d696e223b6572726f725f6d6573736167657c733a33393a22546865204e616d652053686f756c6420436f6e7461696e204f6e6c7920416c7068616265747320223b5f5f63695f766172737c613a313a7b733a31333a226572726f725f6d657373616765223b733a333a226f6c64223b7d),
('i2di9rjshfsnnhc5dq7k9iukvqb7a5br', '::1', 1622016479, 0x5f5f63695f6c6173745f726567656e65726174657c693a313632323031363430333b61646d696e5f6c6f67696e7c733a313a2231223b61646d696e5f69647c733a313a2231223b6c6f67696e5f757365725f69647c733a313a2231223b6e616d657c4e3b6c6f67696e5f747970657c733a353a2261646d696e223b),
('i9r8ri8onamielcmvgukqbnscuu40dil', '::1', 1621959294, 0x5f5f63695f6c6173745f726567656e65726174657c693a313632313935393239343b61646d696e5f6c6f67696e7c733a313a2231223b61646d696e5f69647c733a313a2231223b6c6f67696e5f757365725f69647c733a313a2231223b6e616d657c4e3b6c6f67696e5f747970657c733a353a2261646d696e223b),
('ikjdlj43pbd7alelqftnoue7glms1njj', '::1', 1622035384, 0x5f5f63695f6c6173745f726567656e65726174657c693a313632323033353338343b61646d696e5f6c6f67696e7c733a313a2231223b61646d696e5f69647c733a313a2231223b6c6f67696e5f757365725f69647c733a313a2231223b6e616d657c4e3b6c6f67696e5f747970657c733a353a2261646d696e223b),
('j3nitj80aoei783kgro6kit8df2l00rt', '::1', 1622012846, 0x5f5f63695f6c6173745f726567656e65726174657c693a313632323031323834363b61646d696e5f6c6f67696e7c733a313a2231223b61646d696e5f69647c733a313a2231223b6c6f67696e5f757365725f69647c733a313a2231223b6e616d657c4e3b6c6f67696e5f747970657c733a353a2261646d696e223b6572726f725f6d6573736167657c733a33393a22546865204e616d652053686f756c6420436f6e7461696e204f6e6c7920416c7068616265747320223b5f5f63695f766172737c613a313a7b733a31333a226572726f725f6d657373616765223b733a333a226f6c64223b7d),
('jrj85f1g0o2pm7f77ke5ftq8k20g4pd2', '::1', 1622007889, 0x5f5f63695f6c6173745f726567656e65726174657c693a313632323030373838393b61646d696e5f6c6f67696e7c733a313a2231223b61646d696e5f69647c733a313a2231223b6c6f67696e5f757365725f69647c733a313a2231223b6e616d657c4e3b6c6f67696e5f747970657c733a353a2261646d696e223b),
('kk583q5mrn64d6bmblnrn6trs31epi8j', '::1', 1622005119, 0x5f5f63695f6c6173745f726567656e65726174657c693a313632323030353131393b61646d696e5f6c6f67696e7c733a313a2231223b61646d696e5f69647c733a313a2231223b6c6f67696e5f757365725f69647c733a313a2231223b6e616d657c4e3b6c6f67696e5f747970657c733a353a2261646d696e223b666c6173685f6d6573736167657c733a32333a2244617461204164646564205375636365737366756c6c79223b5f5f63695f766172737c613a313a7b733a31333a22666c6173685f6d657373616765223b733a333a226f6c64223b7d),
('lfp0bao0rpg0k702o2pi0bi6ne7n2dn3', '::1', 1621963042, 0x5f5f63695f6c6173745f726567656e65726174657c693a313632313936333034323b61646d696e5f6c6f67696e7c733a313a2231223b61646d696e5f69647c733a313a2231223b6c6f67696e5f757365725f69647c733a313a2231223b6e616d657c4e3b6c6f67696e5f747970657c733a353a2261646d696e223b),
('mqoqu9hj5d27nvoii5heb4c5rgq19h7a', '::1', 1622014251, 0x5f5f63695f6c6173745f726567656e65726174657c693a313632323031343235313b61646d696e5f6c6f67696e7c733a313a2231223b61646d696e5f69647c733a313a2231223b6c6f67696e5f757365725f69647c733a313a2231223b6e616d657c4e3b6c6f67696e5f747970657c733a353a2261646d696e223b666c6173685f6d6573736167657c733a32333a2244617461204164646564205375636365737366756c6c79223b5f5f63695f766172737c613a313a7b733a31333a22666c6173685f6d657373616765223b733a333a226f6c64223b7d),
('oeca0a0nj6obn86uaa71c4r1gv5spa7g', '::1', 1622016089, 0x5f5f63695f6c6173745f726567656e65726174657c693a313632323031363038393b61646d696e5f6c6f67696e7c733a313a2231223b61646d696e5f69647c733a313a2231223b6c6f67696e5f757365725f69647c733a313a2231223b6e616d657c4e3b6c6f67696e5f747970657c733a353a2261646d696e223b),
('of9mfovjad200ig33imll1mn8qe5s7ls', '::1', 1622015092, 0x5f5f63695f6c6173745f726567656e65726174657c693a313632323031353039323b61646d696e5f6c6f67696e7c733a313a2231223b61646d696e5f69647c733a313a2231223b6c6f67696e5f757365725f69647c733a313a2231223b6e616d657c4e3b6c6f67696e5f747970657c733a353a2261646d696e223b),
('p1n696qggje4h7m496ensukr3laas655', '::1', 1621955485, 0x5f5f63695f6c6173745f726567656e65726174657c693a313632313935353438353b61646d696e5f6c6f67696e7c733a313a2231223b61646d696e5f69647c733a313a2231223b6c6f67696e5f757365725f69647c733a313a2231223b6e616d657c4e3b6c6f67696e5f747970657c733a353a2261646d696e223b666c6173685f6d6573736167657c733a32333a2244617461204164646564205375636365737366756c6c79223b5f5f63695f766172737c613a313a7b733a31333a22666c6173685f6d657373616765223b733a333a226e6577223b7d),
('pi8t93q8dgdsjr083973qufs2cgnl81d', '::1', 1622038157, 0x5f5f63695f6c6173745f726567656e65726174657c693a313632323033383135373b61646d696e5f6c6f67696e7c733a313a2231223b61646d696e5f69647c733a313a2231223b6c6f67696e5f757365725f69647c733a313a2231223b6e616d657c4e3b6c6f67696e5f747970657c733a353a2261646d696e223b),
('q30dta4be21ejvfeq413nj1kpq1seq7b', '::1', 1622015412, 0x5f5f63695f6c6173745f726567656e65726174657c693a313632323031353431323b61646d696e5f6c6f67696e7c733a313a2231223b61646d696e5f69647c733a313a2231223b6c6f67696e5f757365725f69647c733a313a2231223b6e616d657c4e3b6c6f67696e5f747970657c733a353a2261646d696e223b),
('q5rs61tmd4dqf827o8ev4319dsie5pi9', '::1', 1622003990, 0x5f5f63695f6c6173745f726567656e65726174657c693a313632323030333939303b),
('rpubbdb6ve4rp0mitgdro8oufs73b44j', '::1', 1621960977, 0x5f5f63695f6c6173745f726567656e65726174657c693a313632313936303937373b61646d696e5f6c6f67696e7c733a313a2231223b61646d696e5f69647c733a313a2231223b6c6f67696e5f757365725f69647c733a313a2231223b6e616d657c4e3b6c6f67696e5f747970657c733a353a2261646d696e223b),
('rt19tl5a2hnd89t96c44ms7q7l837skl', '::1', 1622004599, 0x5f5f63695f6c6173745f726567656e65726174657c693a313632323030343539393b6c6f67696e5f6572726f727c733a31333a22496e76616c6964204c6f67696e223b5f5f63695f766172737c613a313a7b733a31313a226c6f67696e5f6572726f72223b733a333a226f6c64223b7d),
('scf4en8bee1f5j14j6d5tsksiesnr1fr', '::1', 1621951870, 0x5f5f63695f6c6173745f726567656e65726174657c693a313632313935313837303b),
('se03fs3juu61j1rfkvljv86mmslcas1l', '::1', 1621955830, 0x5f5f63695f6c6173745f726567656e65726174657c693a313632313935353833303b61646d696e5f6c6f67696e7c733a313a2231223b61646d696e5f69647c733a313a2231223b6c6f67696e5f757365725f69647c733a313a2231223b6e616d657c4e3b6c6f67696e5f747970657c733a353a2261646d696e223b),
('u2e5llga8fkd01k14pl50208c2eecbcd', '::1', 1622037501, 0x5f5f63695f6c6173745f726567656e65726174657c693a313632323033373530313b61646d696e5f6c6f67696e7c733a313a2231223b61646d696e5f69647c733a313a2231223b6c6f67696e5f757365725f69647c733a313a2231223b6e616d657c4e3b6c6f67696e5f747970657c733a353a2261646d696e223b),
('u7pudhl0a6660gn05fk7c8728pn4tfat', '::1', 1622013525, 0x5f5f63695f6c6173745f726567656e65726174657c693a313632323031333532353b61646d696e5f6c6f67696e7c733a313a2231223b61646d696e5f69647c733a313a2231223b6c6f67696e5f757365725f69647c733a313a2231223b6e616d657c4e3b6c6f67696e5f747970657c733a353a2261646d696e223b666c6173685f6d6573736167657c733a32333a2244617461204164646564205375636365737366756c6c79223b5f5f63695f766172737c613a313a7b733a31333a22666c6173685f6d657373616765223b733a333a226f6c64223b7d),
('u9170n87fcfmb3806jhubr4dllch77ss', '::1', 1622008199, 0x5f5f63695f6c6173745f726567656e65726174657c693a313632323030383139393b61646d696e5f6c6f67696e7c733a313a2231223b61646d696e5f69647c733a313a2231223b6c6f67696e5f757365725f69647c733a313a2231223b6e616d657c4e3b6c6f67696e5f747970657c733a353a2261646d696e223b666c6173685f6d6573736167657c733a32333a2244617461204164646564205375636365737366756c6c79223b5f5f63695f766172737c613a313a7b733a31333a22666c6173685f6d657373616765223b733a333a226f6c64223b7d),
('ud8ior6c64ldh7p9aad5r0u041sklr8v', '::1', 1621953752, 0x5f5f63695f6c6173745f726567656e65726174657c693a313632313935333735323b61646d696e5f6c6f67696e7c733a313a2231223b61646d696e5f69647c733a313a2231223b6c6f67696e5f757365725f69647c733a313a2231223b6e616d657c4e3b6c6f67696e5f747970657c733a353a2261646d696e223b),
('vepk8g0toog3to5epkmolgpq6pncn6ia', '::1', 1621961305, 0x5f5f63695f6c6173745f726567656e65726174657c693a313632313936313330353b61646d696e5f6c6f67696e7c733a313a2231223b61646d696e5f69647c733a313a2231223b6c6f67696e5f757365725f69647c733a313a2231223b6e616d657c4e3b6c6f67696e5f747970657c733a353a2261646d696e223b),
('vn22dnmbfk8eln907bsjd6dld220o1v8', '::1', 1621963051, 0x5f5f63695f6c6173745f726567656e65726174657c693a313632313936333034323b61646d696e5f6c6f67696e7c733a313a2231223b61646d696e5f69647c733a313a2231223b6c6f67696e5f757365725f69647c733a313a2231223b6e616d657c4e3b6c6f67696e5f747970657c733a353a2261646d696e223b);

-- --------------------------------------------------------

--
-- Table structure for table `class`
--

CREATE TABLE `class` (
  `class_id` int(11) NOT NULL,
  `name` varchar(11) COLLATE utf8_unicode_ci DEFAULT '',
  `name_numeric` varchar(3) COLLATE utf8_unicode_ci DEFAULT '',
  `teacher_id` int(11) DEFAULT NULL
) ENGINE=InnoDB DEFAULT CHARSET=utf8 COLLATE=utf8_unicode_ci;

--
-- Dumping data for table `class`
--

INSERT INTO `class` (`class_id`, `name`, `name_numeric`, `teacher_id`) VALUES
(3, 'First', '1', 1),
(4, 'Second', '2', 4);

-- --------------------------------------------------------

--
-- Table structure for table `class_routine`
--

CREATE TABLE `class_routine` (
  `class_routine_id` int(11) NOT NULL,
  `class_id` int(11) DEFAULT NULL,
  `section_id` int(11) DEFAULT NULL,
  `subject_id` int(11) DEFAULT NULL,
  `time_start` int(11) DEFAULT NULL,
  `time_end` int(11) DEFAULT NULL,
  `time_start_min` int(11) DEFAULT NULL,
  `time_end_min` int(11) DEFAULT NULL,
  `day` longtext COLLATE utf8_unicode_ci DEFAULT NULL,
  `year` longtext COLLATE utf8_unicode_ci DEFAULT NULL
) ENGINE=InnoDB DEFAULT CHARSET=utf8 COLLATE=utf8_unicode_ci;

--
-- Dumping data for table `class_routine`
--

INSERT INTO `class_routine` (`class_routine_id`, `class_id`, `section_id`, `subject_id`, `time_start`, `time_end`, `time_start_min`, `time_end_min`, `day`, `year`) VALUES
(1, 1, 1, 1, 10, 10, 0, 45, 'monday', '2020-2021'),
(2, 3, 6, 4, 9, 9, 0, 40, 'monday', '2020-2021'),
(3, 3, 6, 5, 9, 10, 40, 20, 'monday', '2020-2021'),
(4, 3, 6, 6, 10, 11, 30, 10, 'monday', '2020-2021'),
(5, 3, 6, 7, 11, 11, 10, 50, 'monday', '2020-2021'),
(6, 4, 5, 11, 9, 9, 0, 40, 'monday', '2020-2021'),
(7, 4, 5, 10, 9, 10, 40, 20, 'monday', '2020-2021'),
(8, 4, 5, 9, 10, 11, 30, 10, 'monday', '2020-2021'),
(9, 4, 5, 8, 11, 11, 10, 50, 'monday', '2020-2021');

-- --------------------------------------------------------

--
-- Table structure for table `document`
--

CREATE TABLE `document` (
  `document_id` int(11) NOT NULL,
  `title` longtext COLLATE utf8_unicode_ci DEFAULT NULL,
  `description` longtext COLLATE utf8_unicode_ci DEFAULT NULL,
  `file_name` longtext COLLATE utf8_unicode_ci DEFAULT NULL,
  `file_type` longtext COLLATE utf8_unicode_ci DEFAULT NULL,
  `class_id` longtext COLLATE utf8_unicode_ci DEFAULT NULL,
  `teacher_id` int(11) DEFAULT NULL,
  `timestamp` longtext COLLATE utf8_unicode_ci DEFAULT NULL,
  `subject_id` int(11) DEFAULT NULL
) ENGINE=MyISAM DEFAULT CHARSET=utf8 COLLATE=utf8_unicode_ci;

--
-- Dumping data for table `document`
--

INSERT INTO `document` (`document_id`, `title`, `description`, `file_name`, `file_type`, `class_id`, `teacher_id`, `timestamp`, `subject_id`) VALUES
(1, 'ndjdg', '', 'string.c', 'doc', '1', 1, '1619460000', 1),
(2, 'doc', '', 'Advanced Algorithms - Crossword Puzzle-1 (1).pdf', 'pdf', '1', 1, '1620583200', 3);

-- --------------------------------------------------------

--
-- Table structure for table `dormitory`
--

CREATE TABLE `dormitory` (
  `dormitory_id` int(11) NOT NULL,
  `name` longtext COLLATE utf8_unicode_ci DEFAULT NULL,
  `number_of_room` longtext COLLATE utf8_unicode_ci DEFAULT NULL,
  `description` longtext COLLATE utf8_unicode_ci DEFAULT NULL
) ENGINE=MyISAM DEFAULT CHARSET=utf8 COLLATE=utf8_unicode_ci;

-- --------------------------------------------------------

--
-- Table structure for table `enroll`
--

CREATE TABLE `enroll` (
  `enroll_id` int(11) NOT NULL,
  `enroll_code` longtext COLLATE utf8_unicode_ci DEFAULT NULL,
  `student_id` int(11) DEFAULT NULL,
  `class_id` int(11) DEFAULT NULL,
  `section_id` int(11) DEFAULT NULL,
  `roll` int(11) DEFAULT NULL,
  `date_added` longtext COLLATE utf8_unicode_ci DEFAULT NULL,
  `year` longtext COLLATE utf8_unicode_ci DEFAULT NULL
) ENGINE=InnoDB DEFAULT CHARSET=utf8 COLLATE=utf8_unicode_ci;

--
-- Dumping data for table `enroll`
--

INSERT INTO `enroll` (`enroll_id`, `enroll_code`, `student_id`, `class_id`, `section_id`, `roll`, `date_added`, `year`) VALUES
(1, '9a76994', 1, 1, 1, NULL, '1619502882', '2020-2021'),
(2, '24d6730', 2, 1, 1, NULL, '1619581482', '2020-2021'),
(3, 'd0f6c94', 3, 1, 1, NULL, '1620539553', '2020-2021'),
(4, 'ba098d7', 4, 2, 2, NULL, '1621767700', '2020-2021'),
(5, '8c9a1b5', 5, 2, 2, NULL, '1621767869', '2020-2021'),
(6, '1e879f6', 6, 2, 2, NULL, '1621767870', '2020-2021'),
(8, '9f3b746', 8, 3, 6, NULL, '1621957514', '2020-2021'),
(9, '24bf1b3', 9, 3, 6, NULL, '1621957515', '2020-2021'),
(10, 'c660722', 10, 3, 6, NULL, '1621957515', '2020-2021'),
(11, 'acc447c', 11, 3, 6, NULL, '1621957515', '2020-2021'),
(12, '4aff210', 12, 3, 6, NULL, '1621957516', '2020-2021'),
(13, 'c57c11c', 13, 3, 6, NULL, '1621957516', '2020-2021'),
(14, '6a099e5', 14, 3, 6, NULL, '1621957517', '2020-2021'),
(15, 'e6b16a4', 15, 3, 6, NULL, '1621957517', '2020-2021'),
(16, 'b588e25', 16, 3, 6, NULL, '1621957518', '2020-2021'),
(17, '0bace0c', 17, 3, 6, NULL, '1621957518', '2020-2021'),
(19, 'c228be9', 19, 4, 5, NULL, '1621958129', '2020-2021'),
(20, '35bfc4f', 20, 4, 5, NULL, '1621958129', '2020-2021'),
(21, '69dc57d', 21, 4, 5, NULL, '1621958129', '2020-2021'),
(22, '9b4e1b8', 22, 4, 5, NULL, '1621958129', '2020-2021'),
(23, '5fbf4e5', 23, 4, 5, NULL, '1621958129', '2020-2021'),
(24, '25dc2a3', 24, 4, 5, NULL, '1621958130', '2020-2021'),
(25, 'b874d5d', 25, 4, 5, NULL, '1621958130', '2020-2021'),
(26, '1957512', 26, 4, 5, NULL, '1621958130', '2020-2021'),
(27, 'eb210b6', 27, 4, 5, NULL, '1621958130', '2020-2021'),
(49, '5cd2164', 49, 4, 5, NULL, '1622034430', '2020-2021'),
(52, '40a2001', 52, 4, 5, NULL, '1622035991', '2020-2021'),
(54, '2c9f45a', 54, 4, 5, NULL, '1622036150', '2020-2021'),
(55, '21fa4fd', 55, 4, 5, NULL, '1622036814', '2020-2021'),
(56, '1e0eb18', 56, 4, 5, NULL, '1622036974', '2020-2021'),
(57, '077cb22', 57, 4, 5, NULL, '1622037174', '2020-2021');

-- --------------------------------------------------------

--
-- Table structure for table `exam`
--

CREATE TABLE `exam` (
  `exam_id` int(11) NOT NULL,
  `name` longtext COLLATE utf8_unicode_ci DEFAULT NULL,
  `date` longtext COLLATE utf8_unicode_ci DEFAULT NULL,
  `year` longtext COLLATE utf8_unicode_ci DEFAULT NULL,
  `comment` longtext COLLATE utf8_unicode_ci DEFAULT NULL
) ENGINE=InnoDB DEFAULT CHARSET=utf8 COLLATE=utf8_unicode_ci;

--
-- Dumping data for table `exam`
--

INSERT INTO `exam` (`exam_id`, `name`, `date`, `year`, `comment`) VALUES
(3, 'unit test 1 ', '05/29/2021', '2020-2021', 'all the best');

-- --------------------------------------------------------

--
-- Table structure for table `expense_category`
--

CREATE TABLE `expense_category` (
  `expense_category_id` int(11) NOT NULL,
  `name` longtext COLLATE utf8_unicode_ci DEFAULT NULL
) ENGINE=InnoDB DEFAULT CHARSET=utf8 COLLATE=utf8_unicode_ci;

-- --------------------------------------------------------

--
-- Table structure for table `frontend_events`
--

CREATE TABLE `frontend_events` (
  `frontend_events_id` int(11) NOT NULL,
  `title` text DEFAULT NULL,
  `timestamp` int(11) DEFAULT NULL,
  `status` int(11) NOT NULL DEFAULT 0
) ENGINE=InnoDB DEFAULT CHARSET=utf8;

--
-- Dumping data for table `frontend_events`
--

INSERT INTO `frontend_events` (`frontend_events_id`, `title`, `timestamp`, `status`) VALUES
(1, 'Farewell', 1621015200, 0),
(3, 'Annual day', 1622829600, 1);

-- --------------------------------------------------------

--
-- Table structure for table `frontend_gallery`
--

CREATE TABLE `frontend_gallery` (
  `frontend_gallery_id` int(11) NOT NULL,
  `title` text DEFAULT NULL,
  `description` longtext DEFAULT NULL,
  `date_added` int(11) DEFAULT NULL,
  `image` text DEFAULT NULL,
  `show_on_website` int(11) NOT NULL DEFAULT 0
) ENGINE=InnoDB DEFAULT CHARSET=utf8;

--
-- Dumping data for table `frontend_gallery`
--

INSERT INTO `frontend_gallery` (`frontend_gallery_id`, `title`, `description`, `date_added`, `image`, `show_on_website`) VALUES
(1, 'playground', 'children having fun', 1620410400, 'image4.png', 1),
(2, 'Play time', 'having fun time', 1621792800, 'logo.jpg', 1),
(3, 'class', 'hapy class', 1621792800, '1.jpeg', 1);

-- --------------------------------------------------------

--
-- Table structure for table `frontend_gallery_image`
--

CREATE TABLE `frontend_gallery_image` (
  `frontend_gallery_image_id` int(11) NOT NULL,
  `frontend_gallery_id` int(11) DEFAULT NULL,
  `title` text DEFAULT NULL,
  `image` text DEFAULT NULL
) ENGINE=InnoDB DEFAULT CHARSET=utf8;

--
-- Dumping data for table `frontend_gallery_image`
--

INSERT INTO `frontend_gallery_image` (`frontend_gallery_image_id`, `frontend_gallery_id`, `title`, `image`) VALUES
(1, 2, NULL, '1.jpeg'),
(2, 3, NULL, '1.jpeg'),
(3, 3, NULL, '2.jpeg'),
(4, 3, NULL, '3.jpeg'),
(5, 3, NULL, '4.jpeg'),
(7, 3, NULL, '6.jpeg');

-- --------------------------------------------------------

--
-- Table structure for table `frontend_general_settings`
--

CREATE TABLE `frontend_general_settings` (
  `frontend_general_settings_id` int(11) NOT NULL,
  `type` varchar(255) DEFAULT NULL,
  `description` longtext DEFAULT NULL
) ENGINE=InnoDB DEFAULT CHARSET=utf8;

--
-- Dumping data for table `frontend_general_settings`
--

INSERT INTO `frontend_general_settings` (`frontend_general_settings_id`, `type`, `description`) VALUES
(1, 'about_us', 'Star Kidz is one of the fastest growing play centers. We aim to provide a creative environment,which is both stimulating and challenging.Children learn best through doing and we give ample opportunities to explore experiment and discover with hands-on equipment and materials. \r\nWe provide a fun and stimulating environment which will positively influence your child&#039;s learning and development.\r\nOur programs incorporate an integrated curriculum that promotes learning primarily through songs, music, art, dance, projects, field trips, play and adventure.\r\n\r\n\r\n\r\n\r\n\r\nThe activities are designed based on the multiple intelligence,montessori and play-way methods which provide holistic development to the child.\r\nWe create an environment for the child that encourages learning with all the five senses and also aim to ensure parent participation as an integral part of the programme.\r\nThus make each parent more Knowledgeable about their child&#039;s development, behaviour patterns and positive guidance techniques.\r\nAge appropriate learning opportunities in a safe and caring environment.\r\nA blend of play way techniques theme based activity centric teaching technologies.\r\nComprehensive reading and writing programme.Emphasis on creative thoughts.Parent involvement programs.\r\nTraditional values and ethics are taught.Slokas made the children pronounce tough words and helped them to activate the metabolic system.\r\n&quot;Excellence and quality in education&quot;.\r\nExcellence in caring and moulding the students into traditional values into a contemporary context.\r\nStar Kidz provides the right kind of peer group right behaviour, cooperation,respect, friendship, sharing and caring is inculcated through celebration of events, stage exposure, nature walks and role play and in many other ways.\r\nYour child is growing up fast and ready for a little more independence, our playgroup club will be a perfect introduction.\r\nThe basic physical development of the students is checked and reported periodically by the school to their parents.\r\nThe infirmary has excellent first aid equipment, a part from having beds etc., We never ever allow the children to have junk foods in their snack time.\r\nExercise is as essential to the body as is knowledge to the mind. \r\nPhysical education contributes not only to fitness but also to efficiency, mental alertness and character building qualities as team spirit, leadership, competitiveness and respect of the rules. Hence we have two days of sports for a week.'),
(2, 'terms_conditions', ''),
(3, 'privacy_policy', ''),
(4, 'social_links', '[{\"facebook\":null,\"twitter\":null,\"linkedin\":null,\"google\":null,\"youtube\":null,\"instagram\":null}]'),
(5, 'school_title', 'Star Kidz Play School'),
(6, 'school_logo', ''),
(7, 'school_location', NULL),
(8, 'address', 'Dattagiri colony, Zaheerabad.'),
(9, 'phone', '9133422445'),
(10, 'email', 'starkidz@gmail.com'),
(11, 'fax', NULL),
(12, 'header_logo', 'header_Logo (1).png'),
(13, 'footer_logo', 'footer_Logo (1).png'),
(14, 'copyright_text', NULL),
(15, 'about_us_image', 'about_us_IMG-20160520-WA0010.jpg'),
(16, 'slider_images', '[{\"title\":\"About School\",\"description\":\"Star Kidz is one of the fastest growing play centers. We aim to provide a creative environment,which is both stimulating and challenging.Children learn best through doing and we give ample opportunities to explore experiment and discover with hands-on equipment and materials\",\"image\":\"1.jpeg\"},{\"title\":\"Vision and Mission\",\"description\":\"Statements of a school\\u2019s vision and mission are important for keeping a school focused on its core purpose. The statements can act as a guiding north star for school administrators who aim to make decisions that live up to the statements. They are also important because they are documents that parents use to see whether the school meets their family\\u2019s values.\",\"image\":\"9.jpeg\"},{\"title\":\"School life\",\"description\":\"It&#039;s nice in that we have my track life and I have my school life, and so far we have been balancing them really well.\",\"image\":\"image2.png\"}]'),
(17, 'theme', 'default'),
(18, 'homepage_note_title', 'Prinicipal Message'),
(19, 'homepage_note_description', 'School leadership has been identified as another critical element of student success, and subsequently enough resources and training should be provided to our school principals and administrators to allow them to create a strong ecosystem in our schools and support teachers and parents as well. - Shobha Rani'),
(20, 'recaptcha_site_key', NULL);

-- --------------------------------------------------------

--
-- Table structure for table `frontend_news`
--

CREATE TABLE `frontend_news` (
  `frontend_news_id` int(11) NOT NULL,
  `title` text COLLATE utf8_unicode_ci DEFAULT NULL,
  `description` longtext COLLATE utf8_unicode_ci DEFAULT NULL,
  `date_added` int(11) DEFAULT NULL,
  `image` text COLLATE utf8_unicode_ci DEFAULT NULL
) ENGINE=InnoDB DEFAULT CHARSET=utf8 COLLATE=utf8_unicode_ci;

-- --------------------------------------------------------

--
-- Table structure for table `grade`
--

CREATE TABLE `grade` (
  `grade_id` int(11) NOT NULL,
  `name` longtext COLLATE utf8_unicode_ci DEFAULT NULL,
  `grade_point` longtext COLLATE utf8_unicode_ci DEFAULT NULL,
  `mark_from` int(11) DEFAULT NULL,
  `mark_upto` int(11) DEFAULT NULL,
  `comment` longtext COLLATE utf8_unicode_ci DEFAULT NULL
) ENGINE=InnoDB DEFAULT CHARSET=utf8 COLLATE=utf8_unicode_ci;

--
-- Dumping data for table `grade`
--

INSERT INTO `grade` (`grade_id`, `name`, `grade_point`, `mark_from`, `mark_upto`, `comment`) VALUES
(1, 'A+', '10', 91, 100, 'Excellent'),
(2, 'B', '7', 61, 70, 'Average'),
(3, 'A', '9', 81, 90, 'Very Good'),
(4, 'B+', '8', 71, 80, 'good'),
(5, 'C+', '6', 51, 60, 'Work Hard'),
(6, 'C', '5', 45, 50, 'Work very hard'),
(7, 'D', '0', 0, 44, 'Fail');

-- --------------------------------------------------------

--
-- Table structure for table `group_message`
--

CREATE TABLE `group_message` (
  `group_message_id` int(11) NOT NULL,
  `group_message_thread_code` longtext COLLATE utf8_unicode_ci DEFAULT NULL,
  `sender` longtext COLLATE utf8_unicode_ci DEFAULT NULL,
  `message` longtext COLLATE utf8_unicode_ci DEFAULT NULL,
  `timestamp` longtext COLLATE utf8_unicode_ci DEFAULT NULL,
  `read_status` int(11) DEFAULT NULL,
  `attached_file_name` longtext COLLATE utf8_unicode_ci DEFAULT NULL
) ENGINE=InnoDB DEFAULT CHARSET=utf8 COLLATE=utf8_unicode_ci;

-- --------------------------------------------------------

--
-- Table structure for table `group_message_thread`
--

CREATE TABLE `group_message_thread` (
  `group_message_thread_id` int(11) NOT NULL,
  `group_message_thread_code` longtext COLLATE utf8_unicode_ci DEFAULT NULL,
  `members` longtext COLLATE utf8_unicode_ci DEFAULT NULL,
  `group_name` longtext COLLATE utf8_unicode_ci DEFAULT NULL,
  `last_message_timestamp` longtext COLLATE utf8_unicode_ci DEFAULT NULL,
  `created_timestamp` longtext COLLATE utf8_unicode_ci DEFAULT NULL
) ENGINE=InnoDB DEFAULT CHARSET=utf8 COLLATE=utf8_unicode_ci;

-- --------------------------------------------------------

--
-- Table structure for table `invoice`
--

CREATE TABLE `invoice` (
  `invoice_id` int(11) NOT NULL,
  `student_id` int(11) DEFAULT NULL,
  `title` longtext COLLATE utf8_unicode_ci DEFAULT NULL,
  `description` longtext COLLATE utf8_unicode_ci DEFAULT NULL,
  `amount` int(11) DEFAULT NULL,
  `amount_paid` longtext COLLATE utf8_unicode_ci DEFAULT NULL,
  `due` longtext COLLATE utf8_unicode_ci DEFAULT NULL,
  `creation_timestamp` int(11) DEFAULT NULL,
  `payment_timestamp` longtext COLLATE utf8_unicode_ci DEFAULT NULL,
  `payment_method` longtext COLLATE utf8_unicode_ci DEFAULT NULL,
  `payment_details` longtext COLLATE utf8_unicode_ci DEFAULT NULL,
  `status` longtext COLLATE utf8_unicode_ci DEFAULT NULL,
  `year` longtext COLLATE utf8_unicode_ci DEFAULT NULL
) ENGINE=MyISAM DEFAULT CHARSET=utf8 COLLATE=utf8_unicode_ci;

-- --------------------------------------------------------

--
-- Table structure for table `language`
--

CREATE TABLE `language` (
  `id` int(11) NOT NULL,
  `english` varchar(255) COLLATE utf8_unicode_ci NOT NULL,
  `bangali` varchar(255) COLLATE utf8_unicode_ci NOT NULL
) ENGINE=InnoDB DEFAULT CHARSET=utf8 COLLATE=utf8_unicode_ci;

-- --------------------------------------------------------

--
-- Table structure for table `librarian`
--

CREATE TABLE `librarian` (
  `librarian_id` int(11) NOT NULL,
  `name` longtext COLLATE utf8_unicode_ci DEFAULT NULL,
  `email` longtext COLLATE utf8_unicode_ci DEFAULT NULL,
  `password` longtext COLLATE utf8_unicode_ci DEFAULT NULL
) ENGINE=InnoDB DEFAULT CHARSET=utf8 COLLATE=utf8_unicode_ci;

--
-- Dumping data for table `librarian`
--

INSERT INTO `librarian` (`librarian_id`, `name`, `email`, `password`) VALUES
(1, 'Harish S', 'harish@gmail.com', '1e0da6a45da77e29c9f4018c9ddf82f670de2a01');

-- --------------------------------------------------------

--
-- Table structure for table `mark`
--

CREATE TABLE `mark` (
  `mark_id` int(11) NOT NULL,
  `student_id` int(11) DEFAULT NULL,
  `subject_id` int(11) DEFAULT NULL,
  `class_id` int(11) DEFAULT NULL,
  `section_id` int(11) DEFAULT NULL,
  `exam_id` int(11) DEFAULT NULL,
  `mark_obtained` int(11) DEFAULT NULL,
  `mark_total` int(11) DEFAULT NULL,
  `comment` longtext COLLATE utf8_unicode_ci DEFAULT NULL,
  `year` longtext COLLATE utf8_unicode_ci DEFAULT NULL
) ENGINE=InnoDB DEFAULT CHARSET=utf8 COLLATE=utf8_unicode_ci;

--
-- Dumping data for table `mark`
--

INSERT INTO `mark` (`mark_id`, `student_id`, `subject_id`, `class_id`, `section_id`, `exam_id`, `mark_obtained`, `mark_total`, `comment`, `year`) VALUES
(1, 1, 1, 1, 1, 1, 79, NULL, 'good', '2020-2021'),
(2, 2, 1, 1, 1, 1, 67, NULL, 'good work hard', '2020-2021');

-- --------------------------------------------------------

--
-- Table structure for table `message`
--

CREATE TABLE `message` (
  `message_id` int(11) NOT NULL,
  `message_thread_code` longtext CHARACTER SET utf8 COLLATE utf8_unicode_ci DEFAULT NULL,
  `message` longtext CHARACTER SET utf8 COLLATE utf8_unicode_ci DEFAULT NULL,
  `sender` longtext CHARACTER SET utf8 COLLATE utf8_unicode_ci DEFAULT NULL,
  `timestamp` longtext CHARACTER SET utf8 COLLATE utf8_unicode_ci DEFAULT NULL,
  `read_status` int(11) DEFAULT NULL,
  `attached_file_name` longtext CHARACTER SET utf8 COLLATE utf8_unicode_ci DEFAULT NULL
) ENGINE=MyISAM DEFAULT CHARSET=latin1;

--
-- Dumping data for table `message`
--

INSERT INTO `message` (`message_id`, `message_thread_code`, `message`, `sender`, `timestamp`, `read_status`, `attached_file_name`) VALUES
(1, 'c50957e20b94cce', 'Uploaded', 'teacher-1', '1619532623', 1, NULL),
(2, 'c50957e20b94cce', 'thankyou', 'admin-1', '1621868727', NULL, NULL);

-- --------------------------------------------------------

--
-- Table structure for table `message_thread`
--

CREATE TABLE `message_thread` (
  `message_thread_id` int(11) NOT NULL,
  `message_thread_code` longtext COLLATE utf8_unicode_ci DEFAULT NULL,
  `sender` longtext COLLATE utf8_unicode_ci DEFAULT NULL,
  `reciever` longtext COLLATE utf8_unicode_ci DEFAULT NULL,
  `last_message_timestamp` longtext COLLATE utf8_unicode_ci DEFAULT NULL
) ENGINE=InnoDB DEFAULT CHARSET=utf8 COLLATE=utf8_unicode_ci;

--
-- Dumping data for table `message_thread`
--

INSERT INTO `message_thread` (`message_thread_id`, `message_thread_code`, `sender`, `reciever`, `last_message_timestamp`) VALUES
(1, 'c50957e20b94cce', 'teacher-1', 'admin-1', NULL);

-- --------------------------------------------------------

--
-- Table structure for table `noticeboard`
--

CREATE TABLE `noticeboard` (
  `notice_id` int(11) NOT NULL,
  `notice_title` longtext COLLATE utf8_unicode_ci DEFAULT NULL,
  `notice` longtext COLLATE utf8_unicode_ci DEFAULT NULL,
  `create_timestamp` longtext COLLATE utf8_unicode_ci DEFAULT NULL,
  `status` int(11) DEFAULT 1,
  `show_on_website` int(11) DEFAULT 0,
  `image` text COLLATE utf8_unicode_ci DEFAULT NULL
) ENGINE=MyISAM DEFAULT CHARSET=utf8 COLLATE=utf8_unicode_ci;

--
-- Dumping data for table `noticeboard`
--

INSERT INTO `noticeboard` (`notice_id`, `notice_title`, `notice`, `create_timestamp`, `status`, `show_on_website`, `image`) VALUES
(1, 'Farewell', 'Farewell for 10th students', '1621015200', 1, 0, NULL);

-- --------------------------------------------------------

--
-- Table structure for table `online_exam`
--

CREATE TABLE `online_exam` (
  `online_exam_id` int(11) UNSIGNED NOT NULL,
  `code` varchar(255) COLLATE utf8_unicode_ci DEFAULT '',
  `title` text COLLATE utf8_unicode_ci DEFAULT NULL,
  `class_id` int(11) DEFAULT NULL,
  `section_id` int(11) DEFAULT NULL,
  `subject_id` int(11) DEFAULT NULL,
  `exam_date` int(11) DEFAULT NULL,
  `time_start` varchar(255) COLLATE utf8_unicode_ci DEFAULT NULL,
  `time_end` varchar(255) COLLATE utf8_unicode_ci DEFAULT NULL,
  `duration` text COLLATE utf8_unicode_ci DEFAULT NULL COMMENT 'duration in second',
  `minimum_percentage` text COLLATE utf8_unicode_ci DEFAULT NULL,
  `instruction` longtext COLLATE utf8_unicode_ci DEFAULT NULL,
  `status` varchar(255) COLLATE utf8_unicode_ci DEFAULT 'pending',
  `running_year` varchar(255) COLLATE utf8_unicode_ci DEFAULT ''
) ENGINE=InnoDB DEFAULT CHARSET=utf8 COLLATE=utf8_unicode_ci;

-- --------------------------------------------------------

--
-- Table structure for table `online_exam_result`
--

CREATE TABLE `online_exam_result` (
  `online_exam_result_id` int(11) UNSIGNED NOT NULL,
  `online_exam_id` int(11) DEFAULT NULL,
  `student_id` int(11) DEFAULT NULL,
  `answer_script` longtext COLLATE utf8_unicode_ci DEFAULT NULL,
  `obtained_mark` text COLLATE utf8_unicode_ci DEFAULT NULL,
  `status` text COLLATE utf8_unicode_ci DEFAULT NULL,
  `exam_started_timestamp` longtext COLLATE utf8_unicode_ci DEFAULT NULL,
  `result` text COLLATE utf8_unicode_ci DEFAULT NULL
) ENGINE=InnoDB DEFAULT CHARSET=utf8 COLLATE=utf8_unicode_ci;

-- --------------------------------------------------------

--
-- Table structure for table `parent`
--

CREATE TABLE `parent` (
  `parent_id` int(11) NOT NULL,
  `name` longtext COLLATE utf8_unicode_ci DEFAULT NULL,
  `email` longtext COLLATE utf8_unicode_ci DEFAULT NULL,
  `password` longtext COLLATE utf8_unicode_ci DEFAULT NULL,
  `phone` longtext COLLATE utf8_unicode_ci DEFAULT NULL,
  `address` longtext COLLATE utf8_unicode_ci DEFAULT NULL,
  `profession` longtext COLLATE utf8_unicode_ci DEFAULT NULL,
  `authentication_key` longtext COLLATE utf8_unicode_ci DEFAULT NULL
) ENGINE=MyISAM DEFAULT CHARSET=utf8 COLLATE=utf8_unicode_ci;

--
-- Dumping data for table `parent`
--

INSERT INTO `parent` (`parent_id`, `name`, `email`, `password`, `phone`, `address`, `profession`, `authentication_key`) VALUES
(1, 'Mohan V', 'mohan@gmail.com', 'e266e10848043b3a2d2e07d220dc7b6cd72d6ba1', '9874561258', 'mumbai', 'manager', NULL),
(2, 'narshima', 'narshima@gmail.com', '7c4a8d09ca3762af61e59520943dc26494f8941b', '9876543210', 'sircilla', 'business', NULL),
(3, 'Venkat', 'venkat12@gmail.com', '7c4a8d09ca3762af61e59520943dc26494f8941b', '9866774849', 'plot no 2, Adarsh nagar extention, Zaheerabad,Sangareddy ,Telangana', 'business', NULL),
(4, 'Ramu A', 'ramu@gmail.com', '7c4a8d09ca3762af61e59520943dc26494f8941b', '9645380064', 'Zaheerabad', 'Bank employee', NULL),
(5, 'siddeshwar S', 'siddu@gmail.com', '7c4a8d09ca3762af61e59520943dc26494f8941b', '8096171771', 'Zaheerabad', 'Agriculture', NULL),
(6, 'Ramarao A', 'ramarao12@gmail.com', '7c4a8d09ca3762af61e59520943dc26494f8941b', '9133422449', 'Zaheerabad', 'business', NULL),
(7, 'Sandeep N', 'sandeepn@gmail.com', '7c4a8d09ca3762af61e59520943dc26494f8941b', '9625468760', 'Zaheerabad', 'Teacher', NULL),
(8, 'Ambaji K', 'ambaji@gmail.com', '7c4a8d09ca3762af61e59520943dc26494f8941b', '9866774849', 'Zaheerabad', 'gold smith', NULL),
(9, 'Satish P', 'satishp@gmail.com', '7c4a8d09ca3762af61e59520943dc26494f8941b', '8679006651', 'Zaheerabad', 'LIC Agent', NULL),
(10, 'Shankar', 'shankar@gmail.com', '7c4a8d09ca3762af61e59520943dc26494f8941b', '9916893487', 'Zaheerabad', 'Agriculture', NULL),
(11, 'Suresh B', 'suresh23@gmail.com', '7c4a8d09ca3762af61e59520943dc26494f8941b', '9448734044', 'Zaheerabad', 'Agriculture', NULL),
(12, 'Nagaraju P', 'nagarajup@gmail.com', '7c4a8d09ca3762af61e59520943dc26494f8941b', '7893848714', 'Zaheerabad', 'Bank employee', NULL),
(13, 'Sahadev A', 'sahadev@gmail.com', '7c4a8d09ca3762af61e59520943dc26494f8941b', '8328047439', 'Zaheerabad', 'Teacher', NULL),
(14, 'Sreekanth B', 'sreekanth@gmail.com', '7c4a8d09ca3762af61e59520943dc26494f8941b', '8323049738', 'Zaheerabad', 'Private Employee', NULL),
(15, 'Balaji A', 'balaji@gmail.com', '7c4a8d09ca3762af61e59520943dc26494f8941b', '9894365252', 'Zaheerabad', 'Govt Teacher', NULL),
(16, 'Rajesh V', 'rajesh34@gmail.com', '7c4a8d09ca3762af61e59520943dc26494f8941b', '8643367365', 'Zaheerabad', 'business', NULL),
(17, 'Chetan B', 'chetan@gmail.com', '7c4a8d09ca3762af61e59520943dc26494f8941b', '9440376680', 'Zaheerabad', 'Agriculture', NULL),
(18, 'Chandra S', 'chandra@gmail.com', '7c4a8d09ca3762af61e59520943dc26494f8941b', '6854545670', 'Zaheerabad', 'Teacher', NULL),
(19, 'ShivaKrishna B', 'shivakrishna@gmail.com', '7c4a8d09ca3762af61e59520943dc26494f8941b', '9391611359', 'Zaheerabad', 'Real estate', NULL),
(20, 'Ajay Kumar B', 'ajay25@gmail.com', '7c4a8d09ca3762af61e59520943dc26494f8941b', '7648745650', 'Zaheerabad', 'business', NULL);

-- --------------------------------------------------------

--
-- Table structure for table `payment`
--

CREATE TABLE `payment` (
  `payment_id` int(11) NOT NULL,
  `expense_category_id` int(11) DEFAULT NULL,
  `title` longtext COLLATE utf8_unicode_ci DEFAULT NULL,
  `payment_type` longtext COLLATE utf8_unicode_ci DEFAULT NULL,
  `invoice_id` int(11) DEFAULT NULL,
  `student_id` int(11) DEFAULT NULL,
  `method` longtext COLLATE utf8_unicode_ci DEFAULT NULL,
  `description` longtext COLLATE utf8_unicode_ci DEFAULT NULL,
  `amount` longtext COLLATE utf8_unicode_ci DEFAULT NULL,
  `timestamp` longtext COLLATE utf8_unicode_ci DEFAULT NULL,
  `year` longtext COLLATE utf8_unicode_ci DEFAULT NULL
) ENGINE=MyISAM DEFAULT CHARSET=utf8 COLLATE=utf8_unicode_ci;

-- --------------------------------------------------------

--
-- Table structure for table `question_bank`
--

CREATE TABLE `question_bank` (
  `question_bank_id` int(11) UNSIGNED NOT NULL,
  `online_exam_id` int(11) DEFAULT NULL,
  `question_title` longtext COLLATE utf8_unicode_ci DEFAULT NULL,
  `type` varchar(255) COLLATE utf8_unicode_ci DEFAULT NULL,
  `number_of_options` int(11) DEFAULT NULL,
  `options` longtext COLLATE utf8_unicode_ci DEFAULT NULL,
  `correct_answers` longtext COLLATE utf8_unicode_ci DEFAULT NULL,
  `mark` varchar(255) COLLATE utf8_unicode_ci DEFAULT NULL
) ENGINE=InnoDB DEFAULT CHARSET=utf8 COLLATE=utf8_unicode_ci;

-- --------------------------------------------------------

--
-- Table structure for table `question_paper`
--

CREATE TABLE `question_paper` (
  `question_paper_id` int(11) NOT NULL,
  `title` longtext COLLATE utf8_unicode_ci DEFAULT NULL,
  `question_paper` longtext COLLATE utf8_unicode_ci DEFAULT NULL,
  `class_id` int(11) DEFAULT NULL,
  `exam_id` int(11) DEFAULT NULL,
  `teacher_id` int(11) DEFAULT NULL
) ENGINE=InnoDB DEFAULT CHARSET=utf8 COLLATE=utf8_unicode_ci;

--
-- Dumping data for table `question_paper`
--

INSERT INTO `question_paper` (`question_paper_id`, `title`, `question_paper`, `class_id`, `exam_id`, `teacher_id`) VALUES
(1, 'unit test 1 question paper', '&lt;a href=&quot;https://cf.ltkcdn.net/business/files/3149-Sample-Business-Letter-of-Request.pdf&quot; target=&quot;&quot; rel=&quot;&quot;&gt;https://cf.ltkcdn.net/business/files/3149-Sample-Business-Letter-of-Request.pdf&lt;/a&gt;&lt;a target=&quot;&quot; rel=&quot;&quot;&gt;&lt;/a&gt;&lt;a target=&quot;&quot; rel=&quot;&quot;&gt;&lt;img alt=&quot;&quot;&gt;&lt;/a&gt;', 1, 1, 1);

-- --------------------------------------------------------

--
-- Table structure for table `section`
--

CREATE TABLE `section` (
  `section_id` int(11) NOT NULL,
  `name` longtext COLLATE utf8_unicode_ci DEFAULT NULL,
  `nick_name` longtext COLLATE utf8_unicode_ci DEFAULT NULL,
  `class_id` int(11) DEFAULT NULL,
  `teacher_id` int(11) DEFAULT NULL
) ENGINE=InnoDB DEFAULT CHARSET=utf8 COLLATE=utf8_unicode_ci;

--
-- Dumping data for table `section`
--

INSERT INTO `section` (`section_id`, `name`, `nick_name`, `class_id`, `teacher_id`) VALUES
(1, 'A', NULL, 1, 1),
(2, 'A', NULL, 2, 2),
(3, 'B', NULL, 2, 2),
(5, 'A', NULL, 4, 4),
(6, 'A', NULL, 3, 1);

-- --------------------------------------------------------

--
-- Table structure for table `settings`
--

CREATE TABLE `settings` (
  `settings_id` int(11) NOT NULL,
  `type` longtext DEFAULT NULL,
  `description` longtext DEFAULT NULL
) ENGINE=MyISAM DEFAULT CHARSET=latin1;

--
-- Dumping data for table `settings`
--

INSERT INTO `settings` (`settings_id`, `type`, `description`) VALUES
(1, 'system_name', 'Star Kidz Play School'),
(2, 'system_title', 'joy of learning'),
(3, 'address', 'Dattagiri colony, Zaheerabad.'),
(4, 'phone', '9704615800'),
(5, 'paypal_email', NULL),
(6, 'currency', NULL),
(7, 'system_email', 'starkidz@gmail.com'),
(20, 'active_sms_service', 'disabled'),
(11, 'language', NULL),
(12, 'text_align', NULL),
(13, 'clickatell_user', ''),
(14, 'clickatell_password', ''),
(15, 'clickatell_api_id', ''),
(16, 'skin_colour', 'default'),
(17, 'twilio_account_sid', ''),
(18, 'twilio_auth_token', ''),
(19, 'twilio_sender_phone_number', ''),
(21, 'running_year', '2020-2021'),
(22, 'payumoney_merchant_key', 'sad'),
(23, 'payumoney_salt_id', 'asd'),
(24, 'msg91_authentication_key', NULL),
(25, 'msg91_sender_ID', NULL),
(26, 'msg91_route', NULL),
(27, 'msg91_country_code', NULL),
(28, 'purchase_code', NULL),
(29, 'paypal', '[{\"active\":\"1\",\"mode\":\"sandbox\",\"sandbox_client_id\":\"AZDxjDScFpQtjWTOUtWKbyN_bDt4OgqaF4eYXlewfBP4-8aqX3PiV8e1GWU6liB2CUXlkA59kJXE7M6R\",\"production_client_id\":\"SomeId\"}]'),
(30, 'stripe_keys', '[{\"active\":\"0\",\"testmode\":\"on\",\"public_key\":\"pk_test_c6VvBEbwHFdulFZ62q1IQrar\",\"secret_key\":\"sk_test_9IMkiM6Ykxr1LCe2dJ3PgaxS\",\"public_live_key\":\"pk_live_xxxxxxxxxxxxxxxxxxxxxxxx\",\"secret_live_key\":\"sk_live_xxxxxxxxxxxxxxxxxxxxxxxx\"}]'),
(31, 'disable_frontend', '0'),
(32, 'protocol', 'smtp'),
(33, 'smtp_host', 'ssl://smtp.googlemail.com'),
(34, 'smtp_port', '465'),
(35, 'smtp_user', ''),
(36, 'smtp_pass', '');

-- --------------------------------------------------------

--
-- Table structure for table `student`
--

CREATE TABLE `student` (
  `student_id` int(11) NOT NULL,
  `student_code` longtext COLLATE utf8_unicode_ci DEFAULT NULL,
  `name` longtext COLLATE utf8_unicode_ci DEFAULT NULL,
  `birthday` longtext COLLATE utf8_unicode_ci DEFAULT NULL,
  `sex` longtext COLLATE utf8_unicode_ci DEFAULT NULL,
  `religion` longtext COLLATE utf8_unicode_ci DEFAULT NULL,
  `blood_group` longtext COLLATE utf8_unicode_ci DEFAULT NULL,
  `address` longtext COLLATE utf8_unicode_ci DEFAULT NULL,
  `phone` longtext COLLATE utf8_unicode_ci DEFAULT NULL,
  `email` longtext COLLATE utf8_unicode_ci DEFAULT NULL,
  `password` longtext COLLATE utf8_unicode_ci DEFAULT NULL,
  `parent_id` int(11) DEFAULT NULL,
  `dormitory_id` int(11) DEFAULT NULL,
  `transport_id` int(11) DEFAULT NULL,
  `dormitory_room_number` longtext COLLATE utf8_unicode_ci DEFAULT NULL,
  `authentication_key` longtext COLLATE utf8_unicode_ci DEFAULT NULL
) ENGINE=InnoDB DEFAULT CHARSET=utf8 COLLATE=utf8_unicode_ci;

--
-- Dumping data for table `student`
--

INSERT INTO `student` (`student_id`, `student_code`, `name`, `birthday`, `sex`, `religion`, `blood_group`, `address`, `phone`, `email`, `password`, `parent_id`, `dormitory_id`, `transport_id`, `dormitory_room_number`, `authentication_key`) VALUES
(8, '1', 'Aaradhya', NULL, 'female', NULL, NULL, 'Zaheerabad', '2147483647', 'aaradhya@gmail.com', '7c4a8d09ca3762af61e59520943dc26494f8941b', 1, NULL, NULL, NULL, NULL),
(9, '2', 'Anvi', NULL, 'female', NULL, NULL, 'Zaheerabad', '2147483647', 'anvi@gmail.com', '7c4a8d09ca3762af61e59520943dc26494f8941b', 2, NULL, NULL, NULL, NULL),
(10, '3', 'Saachi', NULL, 'female', NULL, NULL, 'Zaheerabad', '2147483647', 'saachi@gmail.com', '7c4a8d09ca3762af61e59520943dc26494f8941b', 3, NULL, NULL, NULL, NULL),
(11, '4', 'Sarayu', NULL, 'female', NULL, NULL, 'Zaheerabad', '2147483647', 'sarayu@gmail.com', '7c4a8d09ca3762af61e59520943dc26494f8941b', 4, NULL, NULL, NULL, NULL),
(12, '5', 'Arav', NULL, 'male', NULL, NULL, 'Zaheerabad', '2147483647', 'arav@gmail.com', '7c4a8d09ca3762af61e59520943dc26494f8941b', 5, NULL, NULL, NULL, NULL),
(13, '6', 'Agaysta', NULL, 'male', NULL, NULL, 'Zaheerabad', '2147483647', 'agaysta@gmail.com', '7c4a8d09ca3762af61e59520943dc26494f8941b', 6, NULL, NULL, NULL, NULL),
(14, '7', 'Karthik', NULL, 'male', NULL, NULL, 'Zaheerabad', '2147483647', 'karthik@gmail.com', '7c4a8d09ca3762af61e59520943dc26494f8941b', 7, NULL, NULL, NULL, NULL),
(15, '8', 'Laxmi', NULL, 'female', NULL, NULL, 'Zaheerabad', '2147483647', 'laxmi@gmail.com', '7c4a8d09ca3762af61e59520943dc26494f8941b', 8, NULL, NULL, NULL, NULL),
(16, '9', 'Manish', NULL, 'male', NULL, NULL, 'Zaheerabad', '2147483647', 'manish@gmail.com', '7c4a8d09ca3762af61e59520943dc26494f8941b', 9, NULL, NULL, NULL, NULL),
(17, '10', 'Pranavi', NULL, 'female', NULL, NULL, 'Zaheerabad', '913342445', 'pranavi@gmail.com', '7c4a8d09ca3762af61e59520943dc26494f8941b', 10, NULL, NULL, NULL, NULL),
(19, '11', 'Mayuri', NULL, 'female', NULL, NULL, 'Zaheerabad', '2147483647', 'mayuri@gmail.com', '7c4a8d09ca3762af61e59520943dc26494f8941b', 11, NULL, NULL, NULL, NULL),
(20, '12', 'Rishika', NULL, 'female', NULL, NULL, 'Zaheerabad', '2147483647', 'rishika@gmail.com', '7c4a8d09ca3762af61e59520943dc26494f8941b', 12, NULL, NULL, NULL, NULL),
(21, '13', 'Nitya', NULL, 'female', NULL, NULL, 'Zaheerabad', '2147483647', 'nitya@gmail.com', '7c4a8d09ca3762af61e59520943dc26494f8941b', 13, NULL, NULL, NULL, NULL),
(22, '14', 'Vidya', NULL, 'female', NULL, NULL, 'Zaheerabad', '2147483647', 'vidya@gmail.com', '7c4a8d09ca3762af61e59520943dc26494f8941b', 14, NULL, NULL, NULL, NULL),
(23, '15', 'Srujan', NULL, 'male', NULL, NULL, 'Zaheerabad', '2147483647', 'srujan@gmail.com', '7c4a8d09ca3762af61e59520943dc26494f8941b', 15, NULL, NULL, NULL, NULL),
(24, '16', 'Devansh', NULL, 'male', NULL, NULL, 'Zaheerabad', '2147483647', 'devansh@gmail.com', '7c4a8d09ca3762af61e59520943dc26494f8941b', 16, NULL, NULL, NULL, NULL),
(25, '17', 'Rithvik', NULL, 'male', NULL, NULL, 'Zaheerabad', '2147483647', 'rithvik@gmail.com', '7c4a8d09ca3762af61e59520943dc26494f8941b', 17, NULL, NULL, NULL, NULL),
(26, '18', 'Sneha', NULL, 'female', NULL, NULL, 'Zaheerabad', '2147483647', 'sneha@gmail.com', '7c4a8d09ca3762af61e59520943dc26494f8941b', 18, NULL, NULL, NULL, NULL),
(27, '20', 'Jeswitha', NULL, 'female', NULL, NULL, 'Zaheerabad', '2147483647', 'jeswitha@gmail.com', '7c4a8d09ca3762af61e59520943dc26494f8941b', 20, NULL, NULL, NULL, NULL),
(49, NULL, 'praveen', '04/29/2012', 'male', NULL, NULL, '8-5/4, Nizampet Road, Opp: Rajiv Gandhi Nagar Bus stop. Bachuppaly,Hyderabad.', '9877664354', 'praveen@gmail.com', '7c4a8d09ca3762af61e59520943dc26494f8941b', 5, NULL, NULL, NULL, NULL),
(52, NULL, 'prapul', '04/29/2012', 'male', NULL, NULL, 'Zaheerabad', '+919133422445', 'prapul@gmail.com', '7c4a8d09ca3762af61e59520943dc26494f8941b', 3, NULL, NULL, NULL, NULL),
(54, NULL, 'sundari', '04/29/2012', 'female', NULL, NULL, 'Zaheerabad', 'bvhgdjg', 'sundari@gmail.com', '7c4a8d09ca3762af61e59520943dc26494f8941b', 2, NULL, NULL, NULL, NULL),
(55, NULL, 'saharsha', '04/29/2012', 'male', NULL, NULL, 'sri krishna saieesha legend apartments, vishnu block ,VS12, opposite Nalla Pochamma temple , srinivasa nagar colony', '9866774849', 'saharsha@gmail.com', '7c4a8d09ca3762af61e59520943dc26494f8941b', 3, NULL, NULL, NULL, NULL),
(56, NULL, 'geetha', '04/29/2012', 'female', NULL, NULL, 'Zaheerabad', '9866774849', 'geetha@gmail.com', '7c4a8d09ca3762af61e59520943dc26494f8941b', 4, NULL, NULL, NULL, NULL),
(57, NULL, 'ramesh', '04/29/2012', 'male', NULL, NULL, 'Zaheerabad', '9133422445', 'ramesh@gmail.com', '7c4a8d09ca3762af61e59520943dc26494f8941b', 2, NULL, NULL, NULL, NULL);

-- --------------------------------------------------------

--
-- Table structure for table `subject`
--

CREATE TABLE `subject` (
  `subject_id` int(11) NOT NULL,
  `name` longtext COLLATE utf8_unicode_ci DEFAULT NULL,
  `class_id` int(11) DEFAULT NULL,
  `teacher_id` int(11) DEFAULT NULL,
  `year` longtext COLLATE utf8_unicode_ci DEFAULT NULL
) ENGINE=InnoDB DEFAULT CHARSET=utf8 COLLATE=utf8_unicode_ci;

--
-- Dumping data for table `subject`
--

INSERT INTO `subject` (`subject_id`, `name`, `class_id`, `teacher_id`, `year`) VALUES
(1, 'Telugu', 1, 1, '2020-2021'),
(2, 'English', 1, 1, '2020-2021'),
(3, 'Maths', 1, 1, '2020-2021'),
(4, 'English', 3, 1, '2020-2021'),
(5, 'Maths', 3, 3, '2020-2021'),
(6, 'General Knowledge', 3, 2, '2020-2021'),
(7, 'Telugu', 3, 4, '2020-2021'),
(8, 'English', 4, 1, '2020-2021'),
(9, 'Maths', 4, 3, '2020-2021'),
(10, 'General Knowledge', 4, 2, '2020-2021'),
(11, 'Telugu', 4, 4, '2020-2021');

-- --------------------------------------------------------

--
-- Table structure for table `teacher`
--

CREATE TABLE `teacher` (
  `teacher_id` int(11) NOT NULL,
  `name` longtext COLLATE utf8_unicode_ci DEFAULT NULL,
  `birthday` longtext COLLATE utf8_unicode_ci DEFAULT NULL,
  `sex` longtext COLLATE utf8_unicode_ci DEFAULT NULL,
  `religion` longtext COLLATE utf8_unicode_ci DEFAULT NULL,
  `blood_group` longtext COLLATE utf8_unicode_ci DEFAULT NULL,
  `address` longtext COLLATE utf8_unicode_ci DEFAULT NULL,
  `phone` longtext COLLATE utf8_unicode_ci DEFAULT NULL,
  `email` longtext COLLATE utf8_unicode_ci DEFAULT NULL,
  `password` longtext COLLATE utf8_unicode_ci DEFAULT NULL,
  `authentication_key` longtext COLLATE utf8_unicode_ci DEFAULT NULL,
  `designation` varchar(255) COLLATE utf8_unicode_ci DEFAULT NULL,
  `social_links` text COLLATE utf8_unicode_ci DEFAULT NULL,
  `about` longtext COLLATE utf8_unicode_ci DEFAULT NULL,
  `show_on_website` int(11) DEFAULT 0
) ENGINE=InnoDB DEFAULT CHARSET=utf8 COLLATE=utf8_unicode_ci;

--
-- Dumping data for table `teacher`
--

INSERT INTO `teacher` (`teacher_id`, `name`, `birthday`, `sex`, `religion`, `blood_group`, `address`, `phone`, `email`, `password`, `authentication_key`, `designation`, `social_links`, `about`, `show_on_website`) VALUES
(1, 'Esther Rani', '07/19/1989', 'female', NULL, NULL, 'Plot no:2, Adarsh Nagar Extention', '8795397653', 'estherrani@gmail.com', '7c4a8d09ca3762af61e59520943dc26494f8941b', NULL, 'BED', '[{\"facebook\":null,\"twitter\":null,\"linkedin\":null}]', 'Good in english', 0),
(2, 'shobharani', '06/16/1971', 'female', NULL, NULL, 'plot no 2, Adarsh nagar extention, Zaheerabad,Sangareddy ,Telangana', '9704615800', 'shobharani@gmail.com', '7c4a8d09ca3762af61e59520943dc26494f8941b', NULL, 'BED', '[{\"facebook\":null,\"twitter\":null,\"linkedin\":null}]', 'Good', 0),
(3, 'Shruthi', '06/04/1993', 'female', NULL, NULL, '8-5/4, Housing board, Zaheerabad', '9866774849', 'shruthi@gmail.com', '7c4a8d09ca3762af61e59520943dc26494f8941b', NULL, 'BED', '[{\"facebook\":null,\"twitter\":null,\"linkedin\":null}]', 'Good at maths', 0),
(4, 'Sujatha', '04/26/1980', 'female', NULL, NULL, '5-2-55, shanthi nagar, Zaheerabad', '9704235899', 'sujatha@gmail.com', '7c4a8d09ca3762af61e59520943dc26494f8941b', NULL, 'BED', '[{\"facebook\":null,\"twitter\":null,\"linkedin\":null}]', 'Good at telugu', 0);

-- --------------------------------------------------------

--
-- Table structure for table `transport`
--

CREATE TABLE `transport` (
  `transport_id` int(11) NOT NULL,
  `route_name` longtext COLLATE utf8_unicode_ci DEFAULT NULL,
  `number_of_vehicle` longtext COLLATE utf8_unicode_ci DEFAULT NULL,
  `description` longtext COLLATE utf8_unicode_ci DEFAULT NULL,
  `route_fare` longtext COLLATE utf8_unicode_ci DEFAULT NULL
) ENGINE=MyISAM DEFAULT CHARSET=utf8 COLLATE=utf8_unicode_ci;

--
-- Indexes for dumped tables
--

--
-- Indexes for table `academic_syllabus`
--
ALTER TABLE `academic_syllabus`
  ADD PRIMARY KEY (`academic_syllabus_id`);

--
-- Indexes for table `accountant`
--
ALTER TABLE `accountant`
  ADD PRIMARY KEY (`accountant_id`);

--
-- Indexes for table `admin`
--
ALTER TABLE `admin`
  ADD PRIMARY KEY (`admin_id`);

--
-- Indexes for table `attendance`
--
ALTER TABLE `attendance`
  ADD PRIMARY KEY (`attendance_id`);

--
-- Indexes for table `book`
--
ALTER TABLE `book`
  ADD PRIMARY KEY (`book_id`);

--
-- Indexes for table `book_request`
--
ALTER TABLE `book_request`
  ADD PRIMARY KEY (`book_request_id`);

--
-- Indexes for table `ci_sessions`
--
ALTER TABLE `ci_sessions`
  ADD PRIMARY KEY (`id`),
  ADD KEY `ci_sessions_timestamp` (`timestamp`);

--
-- Indexes for table `class`
--
ALTER TABLE `class`
  ADD PRIMARY KEY (`class_id`);

--
-- Indexes for table `class_routine`
--
ALTER TABLE `class_routine`
  ADD PRIMARY KEY (`class_routine_id`);

--
-- Indexes for table `document`
--
ALTER TABLE `document`
  ADD PRIMARY KEY (`document_id`);

--
-- Indexes for table `dormitory`
--
ALTER TABLE `dormitory`
  ADD PRIMARY KEY (`dormitory_id`);

--
-- Indexes for table `enroll`
--
ALTER TABLE `enroll`
  ADD PRIMARY KEY (`enroll_id`);

--
-- Indexes for table `exam`
--
ALTER TABLE `exam`
  ADD PRIMARY KEY (`exam_id`);

--
-- Indexes for table `expense_category`
--
ALTER TABLE `expense_category`
  ADD PRIMARY KEY (`expense_category_id`);

--
-- Indexes for table `frontend_events`
--
ALTER TABLE `frontend_events`
  ADD PRIMARY KEY (`frontend_events_id`);

--
-- Indexes for table `frontend_gallery`
--
ALTER TABLE `frontend_gallery`
  ADD PRIMARY KEY (`frontend_gallery_id`);

--
-- Indexes for table `frontend_gallery_image`
--
ALTER TABLE `frontend_gallery_image`
  ADD PRIMARY KEY (`frontend_gallery_image_id`);

--
-- Indexes for table `frontend_general_settings`
--
ALTER TABLE `frontend_general_settings`
  ADD PRIMARY KEY (`frontend_general_settings_id`);

--
-- Indexes for table `frontend_news`
--
ALTER TABLE `frontend_news`
  ADD PRIMARY KEY (`frontend_news_id`);

--
-- Indexes for table `grade`
--
ALTER TABLE `grade`
  ADD PRIMARY KEY (`grade_id`);

--
-- Indexes for table `group_message`
--
ALTER TABLE `group_message`
  ADD PRIMARY KEY (`group_message_id`);

--
-- Indexes for table `group_message_thread`
--
ALTER TABLE `group_message_thread`
  ADD PRIMARY KEY (`group_message_thread_id`);

--
-- Indexes for table `invoice`
--
ALTER TABLE `invoice`
  ADD PRIMARY KEY (`invoice_id`);

--
-- Indexes for table `librarian`
--
ALTER TABLE `librarian`
  ADD PRIMARY KEY (`librarian_id`);

--
-- Indexes for table `mark`
--
ALTER TABLE `mark`
  ADD PRIMARY KEY (`mark_id`);

--
-- Indexes for table `message`
--
ALTER TABLE `message`
  ADD PRIMARY KEY (`message_id`);

--
-- Indexes for table `message_thread`
--
ALTER TABLE `message_thread`
  ADD PRIMARY KEY (`message_thread_id`);

--
-- Indexes for table `noticeboard`
--
ALTER TABLE `noticeboard`
  ADD PRIMARY KEY (`notice_id`);

--
-- Indexes for table `online_exam`
--
ALTER TABLE `online_exam`
  ADD PRIMARY KEY (`online_exam_id`);

--
-- Indexes for table `online_exam_result`
--
ALTER TABLE `online_exam_result`
  ADD PRIMARY KEY (`online_exam_result_id`);

--
-- Indexes for table `parent`
--
ALTER TABLE `parent`
  ADD PRIMARY KEY (`parent_id`);

--
-- Indexes for table `payment`
--
ALTER TABLE `payment`
  ADD PRIMARY KEY (`payment_id`);

--
-- Indexes for table `question_bank`
--
ALTER TABLE `question_bank`
  ADD PRIMARY KEY (`question_bank_id`);

--
-- Indexes for table `question_paper`
--
ALTER TABLE `question_paper`
  ADD PRIMARY KEY (`question_paper_id`);

--
-- Indexes for table `section`
--
ALTER TABLE `section`
  ADD PRIMARY KEY (`section_id`);

--
-- Indexes for table `settings`
--
ALTER TABLE `settings`
  ADD PRIMARY KEY (`settings_id`);

--
-- Indexes for table `student`
--
ALTER TABLE `student`
  ADD PRIMARY KEY (`student_id`);

--
-- Indexes for table `subject`
--
ALTER TABLE `subject`
  ADD PRIMARY KEY (`subject_id`);

--
-- Indexes for table `teacher`
--
ALTER TABLE `teacher`
  ADD PRIMARY KEY (`teacher_id`);

--
-- Indexes for table `transport`
--
ALTER TABLE `transport`
  ADD PRIMARY KEY (`transport_id`);

--
-- AUTO_INCREMENT for dumped tables
--

--
-- AUTO_INCREMENT for table `academic_syllabus`
--
ALTER TABLE `academic_syllabus`
  MODIFY `academic_syllabus_id` int(11) NOT NULL AUTO_INCREMENT, AUTO_INCREMENT=2;

--
-- AUTO_INCREMENT for table `accountant`
--
ALTER TABLE `accountant`
  MODIFY `accountant_id` int(11) NOT NULL AUTO_INCREMENT, AUTO_INCREMENT=2;

--
-- AUTO_INCREMENT for table `admin`
--
ALTER TABLE `admin`
  MODIFY `admin_id` int(11) NOT NULL AUTO_INCREMENT, AUTO_INCREMENT=2;

--
-- AUTO_INCREMENT for table `attendance`
--
ALTER TABLE `attendance`
  MODIFY `attendance_id` int(11) NOT NULL AUTO_INCREMENT, AUTO_INCREMENT=32;

--
-- AUTO_INCREMENT for table `book`
--
ALTER TABLE `book`
  MODIFY `book_id` int(11) NOT NULL AUTO_INCREMENT;

--
-- AUTO_INCREMENT for table `book_request`
--
ALTER TABLE `book_request`
  MODIFY `book_request_id` int(11) NOT NULL AUTO_INCREMENT;

--
-- AUTO_INCREMENT for table `class`
--
ALTER TABLE `class`
  MODIFY `class_id` int(11) NOT NULL AUTO_INCREMENT, AUTO_INCREMENT=5;

--
-- AUTO_INCREMENT for table `class_routine`
--
ALTER TABLE `class_routine`
  MODIFY `class_routine_id` int(11) NOT NULL AUTO_INCREMENT, AUTO_INCREMENT=10;

--
-- AUTO_INCREMENT for table `document`
--
ALTER TABLE `document`
  MODIFY `document_id` int(11) NOT NULL AUTO_INCREMENT, AUTO_INCREMENT=3;

--
-- AUTO_INCREMENT for table `dormitory`
--
ALTER TABLE `dormitory`
  MODIFY `dormitory_id` int(11) NOT NULL AUTO_INCREMENT;

--
-- AUTO_INCREMENT for table `enroll`
--
ALTER TABLE `enroll`
  MODIFY `enroll_id` int(11) NOT NULL AUTO_INCREMENT, AUTO_INCREMENT=58;

--
-- AUTO_INCREMENT for table `exam`
--
ALTER TABLE `exam`
  MODIFY `exam_id` int(11) NOT NULL AUTO_INCREMENT, AUTO_INCREMENT=4;

--
-- AUTO_INCREMENT for table `expense_category`
--
ALTER TABLE `expense_category`
  MODIFY `expense_category_id` int(11) NOT NULL AUTO_INCREMENT;

--
-- AUTO_INCREMENT for table `frontend_events`
--
ALTER TABLE `frontend_events`
  MODIFY `frontend_events_id` int(11) NOT NULL AUTO_INCREMENT, AUTO_INCREMENT=4;

--
-- AUTO_INCREMENT for table `frontend_gallery`
--
ALTER TABLE `frontend_gallery`
  MODIFY `frontend_gallery_id` int(11) NOT NULL AUTO_INCREMENT, AUTO_INCREMENT=4;

--
-- AUTO_INCREMENT for table `frontend_gallery_image`
--
ALTER TABLE `frontend_gallery_image`
  MODIFY `frontend_gallery_image_id` int(11) NOT NULL AUTO_INCREMENT, AUTO_INCREMENT=8;

--
-- AUTO_INCREMENT for table `frontend_general_settings`
--
ALTER TABLE `frontend_general_settings`
  MODIFY `frontend_general_settings_id` int(11) NOT NULL AUTO_INCREMENT, AUTO_INCREMENT=21;

--
-- AUTO_INCREMENT for table `frontend_news`
--
ALTER TABLE `frontend_news`
  MODIFY `frontend_news_id` int(11) NOT NULL AUTO_INCREMENT;

--
-- AUTO_INCREMENT for table `grade`
--
ALTER TABLE `grade`
  MODIFY `grade_id` int(11) NOT NULL AUTO_INCREMENT, AUTO_INCREMENT=8;

--
-- AUTO_INCREMENT for table `group_message`
--
ALTER TABLE `group_message`
  MODIFY `group_message_id` int(11) NOT NULL AUTO_INCREMENT;

--
-- AUTO_INCREMENT for table `group_message_thread`
--
ALTER TABLE `group_message_thread`
  MODIFY `group_message_thread_id` int(11) NOT NULL AUTO_INCREMENT;

--
-- AUTO_INCREMENT for table `invoice`
--
ALTER TABLE `invoice`
  MODIFY `invoice_id` int(11) NOT NULL AUTO_INCREMENT;

--
-- AUTO_INCREMENT for table `librarian`
--
ALTER TABLE `librarian`
  MODIFY `librarian_id` int(11) NOT NULL AUTO_INCREMENT, AUTO_INCREMENT=2;

--
-- AUTO_INCREMENT for table `mark`
--
ALTER TABLE `mark`
  MODIFY `mark_id` int(11) NOT NULL AUTO_INCREMENT, AUTO_INCREMENT=3;

--
-- AUTO_INCREMENT for table `message`
--
ALTER TABLE `message`
  MODIFY `message_id` int(11) NOT NULL AUTO_INCREMENT, AUTO_INCREMENT=3;

--
-- AUTO_INCREMENT for table `message_thread`
--
ALTER TABLE `message_thread`
  MODIFY `message_thread_id` int(11) NOT NULL AUTO_INCREMENT, AUTO_INCREMENT=2;

--
-- AUTO_INCREMENT for table `noticeboard`
--
ALTER TABLE `noticeboard`
  MODIFY `notice_id` int(11) NOT NULL AUTO_INCREMENT, AUTO_INCREMENT=2;

--
-- AUTO_INCREMENT for table `online_exam`
--
ALTER TABLE `online_exam`
  MODIFY `online_exam_id` int(11) UNSIGNED NOT NULL AUTO_INCREMENT;

--
-- AUTO_INCREMENT for table `online_exam_result`
--
ALTER TABLE `online_exam_result`
  MODIFY `online_exam_result_id` int(11) UNSIGNED NOT NULL AUTO_INCREMENT;

--
-- AUTO_INCREMENT for table `parent`
--
ALTER TABLE `parent`
  MODIFY `parent_id` int(11) NOT NULL AUTO_INCREMENT, AUTO_INCREMENT=21;

--
-- AUTO_INCREMENT for table `payment`
--
ALTER TABLE `payment`
  MODIFY `payment_id` int(11) NOT NULL AUTO_INCREMENT;

--
-- AUTO_INCREMENT for table `question_bank`
--
ALTER TABLE `question_bank`
  MODIFY `question_bank_id` int(11) UNSIGNED NOT NULL AUTO_INCREMENT;

--
-- AUTO_INCREMENT for table `question_paper`
--
ALTER TABLE `question_paper`
  MODIFY `question_paper_id` int(11) NOT NULL AUTO_INCREMENT, AUTO_INCREMENT=2;

--
-- AUTO_INCREMENT for table `section`
--
ALTER TABLE `section`
  MODIFY `section_id` int(11) NOT NULL AUTO_INCREMENT, AUTO_INCREMENT=7;

--
-- AUTO_INCREMENT for table `settings`
--
ALTER TABLE `settings`
  MODIFY `settings_id` int(11) NOT NULL AUTO_INCREMENT, AUTO_INCREMENT=37;

--
-- AUTO_INCREMENT for table `student`
--
ALTER TABLE `student`
  MODIFY `student_id` int(11) NOT NULL AUTO_INCREMENT, AUTO_INCREMENT=58;

--
-- AUTO_INCREMENT for table `subject`
--
ALTER TABLE `subject`
  MODIFY `subject_id` int(11) NOT NULL AUTO_INCREMENT, AUTO_INCREMENT=12;

--
-- AUTO_INCREMENT for table `teacher`
--
ALTER TABLE `teacher`
  MODIFY `teacher_id` int(11) NOT NULL AUTO_INCREMENT, AUTO_INCREMENT=7;

--
-- AUTO_INCREMENT for table `transport`
--
ALTER TABLE `transport`
  MODIFY `transport_id` int(11) NOT NULL AUTO_INCREMENT;
COMMIT;

/*!40101 SET CHARACTER_SET_CLIENT=@OLD_CHARACTER_SET_CLIENT */;
/*!40101 SET CHARACTER_SET_RESULTS=@OLD_CHARACTER_SET_RESULTS */;
/*!40101 SET COLLATION_CONNECTION=@OLD_COLLATION_CONNECTION */;
